id,veiculo,tipo_pagina,perfil,repeticao,inicio,url_final,categoria_score_fracao,categoria_modo,auditoria,titulo,score,modo,valor_numerico,valor_exibido,arquivo_json
nn_home,Nintendista News,inicial,mobile,1,2026-08-20T23:20:11-03:00,https://nintendista.news/,1,fraction,agent-accessibility-tree,Accessibility tree is well-formed,1,binary,,All audits passed,01_Relatorios_Brutos/nn_home__mobile__r01.report.json
nn_home,Nintendista News,inicial,mobile,1,2026-08-20T23:20:11-03:00,https://nintendista.news/,1,fraction,webmcp-form-coverage,WebMCP form coverage,,notApplicable,,,01_Relatorios_Brutos/nn_home__mobile__r01.report.json
nn_home,Nintendista News,inicial,mobile,1,2026-08-20T23:20:11-03:00,https://nintendista.news/,1,fraction,webmcp-registered-tools,WebMCP tools registered,,notApplicable,,,01_Relatorios_Brutos/nn_home__mobile__r01.report.json
nn_home,Nintendista News,inicial,mobile,1,2026-08-20T23:20:11-03:00,https://nintendista.news/,1,fraction,webmcp-schema-validity,WebMCP schemas are valid,,notApplicable,,,01_Relatorios_Brutos/nn_home__mobile__r01.report.json
nn_home,Nintendista News,inicial,mobile,1,2026-08-20T23:20:11-03:00,https://nintendista.news/,1,fraction,cumulative-layout-shift,Cumulative Layout Shift,1,numeric,0,0,01_Relatorios_Brutos/nn_home__mobile__r01.report.json
nn_home,Nintendista News,inicial,mobile,1,2026-08-20T23:20:11-03:00,https://nintendista.news/,1,fraction,llms-txt,llms.txt follows recommendations,1,binary,,,01_Relatorios_Brutos/nn_home__mobile__r01.report.json
nn_article,Nintendista News,interna,mobile,1,2026-08-20T23:20:24-03:00,https://nintendista.news/noticias/nintendista-news-no-ar/,1,fraction,agent-accessibility-tree,Accessibility tree is well-formed,1,binary,,All audits passed,01_Relatorios_Brutos/nn_article__mobile__r01.report.json
nn_article,Nintendista News,interna,mobile,1,2026-08-20T23:20:24-03:00,https://nintendista.news/noticias/nintendista-news-no-ar/,1,fraction,webmcp-form-coverage,WebMCP form coverage,,notApplicable,,,01_Relatorios_Brutos/nn_article__mobile__r01.report.json
nn_article,Nintendista News,interna,mobile,1,2026-08-20T23:20:24-03:00,https://nintendista.news/noticias/nintendista-news-no-ar/,1,fraction,webmcp-registered-tools,WebMCP tools registered,,notApplicable,,,01_Relatorios_Brutos/nn_article__mobile__r01.report.json
nn_article,Nintendista News,interna,mobile,1,2026-08-20T23:20:24-03:00,https://nintendista.news/noticias/nintendista-news-no-ar/,1,fraction,webmcp-schema-validity,WebMCP schemas are valid,,notApplicable,,,01_Relatorios_Brutos/nn_article__mobile__r01.report.json
nn_article,Nintendista News,interna,mobile,1,2026-08-20T23:20:24-03:00,https://nintendista.news/noticias/nintendista-news-no-ar/,1,fraction,cumulative-layout-shift,Cumulative Layout Shift,1,numeric,0,0,01_Relatorios_Brutos/nn_article__mobile__r01.report.json
nn_article,Nintendista News,interna,mobile,1,2026-08-20T23:20:24-03:00,https://nintendista.news/noticias/nintendista-news-no-ar/,1,fraction,llms-txt,llms.txt follows recommendations,1,binary,,,01_Relatorios_Brutos/nn_article__mobile__r01.report.json
coelho_home,Coelho News,inicial,mobile,1,2026-08-20T23:20:37-03:00,https://coelhonews.com/,0.5,fraction,agent-accessibility-tree,Accessibility tree is not well-formed,0,binary,,,01_Relatorios_Brutos/coelho_home__mobile__r01.report.json
coelho_home,Coelho News,inicial,mobile,1,2026-08-20T23:20:37-03:00,https://coelhonews.com/,0.5,fraction,webmcp-form-coverage,WebMCP form coverage,,notApplicable,,,01_Relatorios_Brutos/coelho_home__mobile__r01.report.json
coelho_home,Coelho News,inicial,mobile,1,2026-08-20T23:20:37-03:00,https://coelhonews.com/,0.5,fraction,webmcp-registered-tools,WebMCP tools registered,,notApplicable,,,01_Relatorios_Brutos/coelho_home__mobile__r01.report.json
coelho_home,Coelho News,inicial,mobile,1,2026-08-20T23:20:37-03:00,https://coelhonews.com/,0.5,fraction,webmcp-schema-validity,WebMCP schemas are valid,,notApplicable,,,01_Relatorios_Brutos/coelho_home__mobile__r01.report.json
coelho_home,Coelho News,inicial,mobile,1,2026-08-20T23:20:37-03:00,https://coelhonews.com/,0.5,fraction,cumulative-layout-shift,Cumulative Layout Shift,1,numeric,0.005651610960109489,0.006,01_Relatorios_Brutos/coelho_home__mobile__r01.report.json
coelho_home,Coelho News,inicial,mobile,1,2026-08-20T23:20:37-03:00,https://coelhonews.com/,0.5,fraction,llms-txt,llms.txt follows recommendations,,notApplicable,,,01_Relatorios_Brutos/coelho_home__mobile__r01.report.json
coelho_article,Coelho News,interna,mobile,1,2026-08-20T23:20:56-03:00,https://coelhonews.com/noticias/the-binding-of-isaac-repentance-online-chega-ao-switch-2-em-novembro,0.5,fraction,agent-accessibility-tree,Accessibility tree is not well-formed,0,binary,,,01_Relatorios_Brutos/coelho_article__mobile__r01.report.json
coelho_article,Coelho News,interna,mobile,1,2026-08-20T23:20:56-03:00,https://coelhonews.com/noticias/the-binding-of-isaac-repentance-online-chega-ao-switch-2-em-novembro,0.5,fraction,webmcp-form-coverage,WebMCP form coverage,,notApplicable,,,01_Relatorios_Brutos/coelho_article__mobile__r01.report.json
coelho_article,Coelho News,interna,mobile,1,2026-08-20T23:20:56-03:00,https://coelhonews.com/noticias/the-binding-of-isaac-repentance-online-chega-ao-switch-2-em-novembro,0.5,fraction,webmcp-registered-tools,WebMCP tools registered,,notApplicable,,,01_Relatorios_Brutos/coelho_article__mobile__r01.report.json
coelho_article,Coelho News,interna,mobile,1,2026-08-20T23:20:56-03:00,https://coelhonews.com/noticias/the-binding-of-isaac-repentance-online-chega-ao-switch-2-em-novembro,0.5,fraction,webmcp-schema-validity,WebMCP schemas are valid,,notApplicable,,,01_Relatorios_Brutos/coelho_article__mobile__r01.report.json
coelho_article,Coelho News,interna,mobile,1,2026-08-20T23:20:56-03:00,https://coelhonews.com/noticias/the-binding-of-isaac-repentance-online-chega-ao-switch-2-em-novembro,0.5,fraction,cumulative-layout-shift,Cumulative Layout Shift,1,numeric,0,0,01_Relatorios_Brutos/coelho_article__mobile__r01.report.json
coelho_article,Coelho News,interna,mobile,1,2026-08-20T23:20:56-03:00,https://coelhonews.com/noticias/the-binding-of-isaac-repentance-online-chega-ao-switch-2-em-novembro,0.5,fraction,llms-txt,llms.txt follows recommendations,,notApplicable,,,01_Relatorios_Brutos/coelho_article__mobile__r01.report.json
universo_home,Universo Nintendo,inicial,mobile,1,2026-08-20T23:21:11-03:00,https://universonintendo.com/,0.53,fraction,agent-accessibility-tree,Accessibility tree is not well-formed,0,binary,,,01_Relatorios_Brutos/universo_home__mobile__r01.report.json
universo_home,Universo Nintendo,inicial,mobile,1,2026-08-20T23:21:11-03:00,https://universonintendo.com/,0.53,fraction,webmcp-form-coverage,WebMCP form coverage,,notApplicable,,,01_Relatorios_Brutos/universo_home__mobile__r01.report.json
universo_home,Universo Nintendo,inicial,mobile,1,2026-08-20T23:21:11-03:00,https://universonintendo.com/,0.53,fraction,webmcp-registered-tools,WebMCP tools registered,,notApplicable,,,01_Relatorios_Brutos/universo_home__mobile__r01.report.json
universo_home,Universo Nintendo,inicial,mobile,1,2026-08-20T23:21:11-03:00,https://universonintendo.com/,0.53,fraction,webmcp-schema-validity,WebMCP schemas are valid,,notApplicable,,,01_Relatorios_Brutos/universo_home__mobile__r01.report.json
universo_home,Universo Nintendo,inicial,mobile,1,2026-08-20T23:21:11-03:00,https://universonintendo.com/,0.53,fraction,cumulative-layout-shift,Cumulative Layout Shift,0.6,numeric,0.207941646920463,0.208,01_Relatorios_Brutos/universo_home__mobile__r01.report.json
universo_home,Universo Nintendo,inicial,mobile,1,2026-08-20T23:21:11-03:00,https://universonintendo.com/,0.53,fraction,llms-txt,llms.txt follows recommendations,1,binary,,,01_Relatorios_Brutos/universo_home__mobile__r01.report.json
universo_article,Universo Nintendo,interna,mobile,1,2026-08-20T23:22:28-03:00,https://universonintendo.com/trails-in-the-sky-2nd-chapter-recebe-demo-gratuita-no-switch/,0.42,fraction,agent-accessibility-tree,Accessibility tree is not well-formed,0,binary,,,01_Relatorios_Brutos/universo_article__mobile__r01.report.json
universo_article,Universo Nintendo,interna,mobile,1,2026-08-20T23:22:28-03:00,https://universonintendo.com/trails-in-the-sky-2nd-chapter-recebe-demo-gratuita-no-switch/,0.42,fraction,webmcp-form-coverage,WebMCP form coverage,,notApplicable,,,01_Relatorios_Brutos/universo_article__mobile__r01.report.json
universo_article,Universo Nintendo,interna,mobile,1,2026-08-20T23:22:28-03:00,https://universonintendo.com/trails-in-the-sky-2nd-chapter-recebe-demo-gratuita-no-switch/,0.42,fraction,webmcp-registered-tools,WebMCP tools registered,,notApplicable,,,01_Relatorios_Brutos/universo_article__mobile__r01.report.json
universo_article,Universo Nintendo,interna,mobile,1,2026-08-20T23:22:28-03:00,https://universonintendo.com/trails-in-the-sky-2nd-chapter-recebe-demo-gratuita-no-switch/,0.42,fraction,webmcp-schema-validity,WebMCP schemas are valid,,notApplicable,,,01_Relatorios_Brutos/universo_article__mobile__r01.report.json
universo_article,Universo Nintendo,interna,mobile,1,2026-08-20T23:22:28-03:00,https://universonintendo.com/trails-in-the-sky-2nd-chapter-recebe-demo-gratuita-no-switch/,0.42,fraction,cumulative-layout-shift,Cumulative Layout Shift,0.27,numeric,0.382157772245442,0.382,01_Relatorios_Brutos/universo_article__mobile__r01.report.json
universo_article,Universo Nintendo,interna,mobile,1,2026-08-20T23:22:28-03:00,https://universonintendo.com/trails-in-the-sky-2nd-chapter-recebe-demo-gratuita-no-switch/,0.42,fraction,llms-txt,llms.txt follows recommendations,1,binary,,,01_Relatorios_Brutos/universo_article__mobile__r01.report.json
casa_home,A Casa do Cogumelo,inicial,mobile,1,2026-08-20T23:23:08-03:00,https://www.acasadocogumelo.com/,0.06,fraction,agent-accessibility-tree,Accessibility tree is not well-formed,0,binary,,,01_Relatorios_Brutos/casa_home__mobile__r01.report.json
casa_home,A Casa do Cogumelo,inicial,mobile,1,2026-08-20T23:23:08-03:00,https://www.acasadocogumelo.com/,0.06,fraction,webmcp-form-coverage,WebMCP form coverage,,notApplicable,,,01_Relatorios_Brutos/casa_home__mobile__r01.report.json
casa_home,A Casa do Cogumelo,inicial,mobile,1,2026-08-20T23:23:08-03:00,https://www.acasadocogumelo.com/,0.06,fraction,webmcp-registered-tools,WebMCP tools registered,,notApplicable,,,01_Relatorios_Brutos/casa_home__mobile__r01.report.json
casa_home,A Casa do Cogumelo,inicial,mobile,1,2026-08-20T23:23:08-03:00,https://www.acasadocogumelo.com/,0.06,fraction,webmcp-schema-validity,WebMCP schemas are valid,,notApplicable,,,01_Relatorios_Brutos/casa_home__mobile__r01.report.json
casa_home,A Casa do Cogumelo,inicial,mobile,1,2026-08-20T23:23:08-03:00,https://www.acasadocogumelo.com/,0.06,fraction,cumulative-layout-shift,Cumulative Layout Shift,0.19,numeric,0.4618315657846618,0.462,01_Relatorios_Brutos/casa_home__mobile__r01.report.json
casa_home,A Casa do Cogumelo,inicial,mobile,1,2026-08-20T23:23:08-03:00,https://www.acasadocogumelo.com/,0.06,fraction,llms-txt,llms.txt does not follow recommendations,0,binary,,,01_Relatorios_Brutos/casa_home__mobile__r01.report.json
casa_article,A Casa do Cogumelo,interna,mobile,1,2026-08-20T23:23:37-03:00,https://www.acasadocogumelo.com/logitech-g-anuncia-lancamentos-que-contemplarao-mercado-brasileiro/,0.33,fraction,agent-accessibility-tree,Accessibility tree is not well-formed,0,binary,,,01_Relatorios_Brutos/casa_article__mobile__r01.report.json
casa_article,A Casa do Cogumelo,interna,mobile,1,2026-08-20T23:23:37-03:00,https://www.acasadocogumelo.com/logitech-g-anuncia-lancamentos-que-contemplarao-mercado-brasileiro/,0.33,fraction,webmcp-form-coverage,WebMCP form coverage,,notApplicable,,,01_Relatorios_Brutos/casa_article__mobile__r01.report.json
casa_article,A Casa do Cogumelo,interna,mobile,1,2026-08-20T23:23:37-03:00,https://www.acasadocogumelo.com/logitech-g-anuncia-lancamentos-que-contemplarao-mercado-brasileiro/,0.33,fraction,webmcp-registered-tools,WebMCP tools registered,,notApplicable,,,01_Relatorios_Brutos/casa_article__mobile__r01.report.json
casa_article,A Casa do Cogumelo,interna,mobile,1,2026-08-20T23:23:37-03:00,https://www.acasadocogumelo.com/logitech-g-anuncia-lancamentos-que-contemplarao-mercado-brasileiro/,0.33,fraction,webmcp-schema-validity,WebMCP schemas are valid,,notApplicable,,,01_Relatorios_Brutos/casa_article__mobile__r01.report.json
casa_article,A Casa do Cogumelo,interna,mobile,1,2026-08-20T23:23:37-03:00,https://www.acasadocogumelo.com/logitech-g-anuncia-lancamentos-que-contemplarao-mercado-brasileiro/,0.33,fraction,cumulative-layout-shift,Cumulative Layout Shift,1,numeric,0.0018187532818264292,0.002,01_Relatorios_Brutos/casa_article__mobile__r01.report.json
casa_article,A Casa do Cogumelo,interna,mobile,1,2026-08-20T23:23:37-03:00,https://www.acasadocogumelo.com/logitech-g-anuncia-lancamentos-que-contemplarao-mercado-brasileiro/,0.33,fraction,llms-txt,llms.txt does not follow recommendations,0,binary,,,01_Relatorios_Brutos/casa_article__mobile__r01.report.json
blast_home,Nintendo Blast,inicial,mobile,1,2026-08-20T23:24:08-03:00,https://www.nintendoblast.com.br/,0.5,fraction,agent-accessibility-tree,Accessibility tree is not well-formed,0,binary,,,01_Relatorios_Brutos/blast_home__mobile__r01.report.json
blast_home,Nintendo Blast,inicial,mobile,1,2026-08-20T23:24:08-03:00,https://www.nintendoblast.com.br/,0.5,fraction,webmcp-form-coverage,WebMCP form coverage,,notApplicable,,,01_Relatorios_Brutos/blast_home__mobile__r01.report.json
blast_home,Nintendo Blast,inicial,mobile,1,2026-08-20T23:24:08-03:00,https://www.nintendoblast.com.br/,0.5,fraction,webmcp-registered-tools,WebMCP tools registered,,notApplicable,,,01_Relatorios_Brutos/blast_home__mobile__r01.report.json
blast_home,Nintendo Blast,inicial,mobile,1,2026-08-20T23:24:08-03:00,https://www.nintendoblast.com.br/,0.5,fraction,webmcp-schema-validity,WebMCP schemas are valid,,notApplicable,,,01_Relatorios_Brutos/blast_home__mobile__r01.report.json
blast_home,Nintendo Blast,inicial,mobile,1,2026-08-20T23:24:08-03:00,https://www.nintendoblast.com.br/,0.5,fraction,cumulative-layout-shift,Cumulative Layout Shift,1,numeric,0.0023607434496382114,0.002,01_Relatorios_Brutos/blast_home__mobile__r01.report.json
blast_home,Nintendo Blast,inicial,mobile,1,2026-08-20T23:24:08-03:00,https://www.nintendoblast.com.br/,0.5,fraction,llms-txt,llms.txt follows recommendations,,notApplicable,,,01_Relatorios_Brutos/blast_home__mobile__r01.report.json
blast_article,Nintendo Blast,interna,mobile,1,2026-08-20T23:24:25-03:00,https://www.nintendoblast.com.br/2026/08/nintendo-switch-online-recebe-icones-de-fire-emblem-three-houses.html,0.5,fraction,agent-accessibility-tree,Accessibility tree is not well-formed,0,binary,,,01_Relatorios_Brutos/blast_article__mobile__r01.report.json
blast_article,Nintendo Blast,interna,mobile,1,2026-08-20T23:24:25-03:00,https://www.nintendoblast.com.br/2026/08/nintendo-switch-online-recebe-icones-de-fire-emblem-three-houses.html,0.5,fraction,webmcp-form-coverage,WebMCP form coverage,,notApplicable,,,01_Relatorios_Brutos/blast_article__mobile__r01.report.json
blast_article,Nintendo Blast,interna,mobile,1,2026-08-20T23:24:25-03:00,https://www.nintendoblast.com.br/2026/08/nintendo-switch-online-recebe-icones-de-fire-emblem-three-houses.html,0.5,fraction,webmcp-registered-tools,WebMCP tools registered,,notApplicable,,,01_Relatorios_Brutos/blast_article__mobile__r01.report.json
blast_article,Nintendo Blast,interna,mobile,1,2026-08-20T23:24:25-03:00,https://www.nintendoblast.com.br/2026/08/nintendo-switch-online-recebe-icones-de-fire-emblem-three-houses.html,0.5,fraction,webmcp-schema-validity,WebMCP schemas are valid,,notApplicable,,,01_Relatorios_Brutos/blast_article__mobile__r01.report.json
blast_article,Nintendo Blast,interna,mobile,1,2026-08-20T23:24:25-03:00,https://www.nintendoblast.com.br/2026/08/nintendo-switch-online-recebe-icones-de-fire-emblem-three-houses.html,0.5,fraction,cumulative-layout-shift,Cumulative Layout Shift,1,numeric,0.0073608755453266434,0.007,01_Relatorios_Brutos/blast_article__mobile__r01.report.json
blast_article,Nintendo Blast,interna,mobile,1,2026-08-20T23:24:25-03:00,https://www.nintendoblast.com.br/2026/08/nintendo-switch-online-recebe-icones-de-fire-emblem-three-houses.html,0.5,fraction,llms-txt,llms.txt follows recommendations,,notApplicable,,,01_Relatorios_Brutos/blast_article__mobile__r01.report.json
projectn_home,Project N,inicial,mobile,1,2026-08-20T23:24:48-03:00,https://projectn.com.br/,0.02,fraction,agent-accessibility-tree,Accessibility tree is not well-formed,0,binary,,,01_Relatorios_Brutos/projectn_home__mobile__r01.report.json
projectn_home,Project N,inicial,mobile,1,2026-08-20T23:24:48-03:00,https://projectn.com.br/,0.02,fraction,webmcp-form-coverage,WebMCP form coverage,,notApplicable,,,01_Relatorios_Brutos/projectn_home__mobile__r01.report.json
projectn_home,Project N,inicial,mobile,1,2026-08-20T23:24:48-03:00,https://projectn.com.br/,0.02,fraction,webmcp-registered-tools,WebMCP tools registered,,notApplicable,,,01_Relatorios_Brutos/projectn_home__mobile__r01.report.json
projectn_home,Project N,inicial,mobile,1,2026-08-20T23:24:48-03:00,https://projectn.com.br/,0.02,fraction,webmcp-schema-validity,WebMCP schemas are valid,,notApplicable,,,01_Relatorios_Brutos/projectn_home__mobile__r01.report.json
projectn_home,Project N,inicial,mobile,1,2026-08-20T23:24:48-03:00,https://projectn.com.br/,0.02,fraction,cumulative-layout-shift,Cumulative Layout Shift,0.03,numeric,0.917732378126693,0.918,01_Relatorios_Brutos/projectn_home__mobile__r01.report.json
projectn_home,Project N,inicial,mobile,1,2026-08-20T23:24:48-03:00,https://projectn.com.br/,0.02,fraction,llms-txt,llms.txt follows recommendations,,notApplicable,,,01_Relatorios_Brutos/projectn_home__mobile__r01.report.json
projectn_article,Project N,interna,mobile,1,2026-08-20T23:25:11-03:00,https://projectn.com.br/call-of-duty-modern-warfare-4-ganha-novo-trailer-focado-no-multiplayer/,0.47,fraction,agent-accessibility-tree,Accessibility tree is not well-formed,0,binary,,,01_Relatorios_Brutos/projectn_article__mobile__r01.report.json
projectn_article,Project N,interna,mobile,1,2026-08-20T23:25:11-03:00,https://projectn.com.br/call-of-duty-modern-warfare-4-ganha-novo-trailer-focado-no-multiplayer/,0.47,fraction,webmcp-form-coverage,WebMCP form coverage,,notApplicable,,,01_Relatorios_Brutos/projectn_article__mobile__r01.report.json
projectn_article,Project N,interna,mobile,1,2026-08-20T23:25:11-03:00,https://projectn.com.br/call-of-duty-modern-warfare-4-ganha-novo-trailer-focado-no-multiplayer/,0.47,fraction,webmcp-registered-tools,WebMCP tools registered,,notApplicable,,,01_Relatorios_Brutos/projectn_article__mobile__r01.report.json
projectn_article,Project N,interna,mobile,1,2026-08-20T23:25:11-03:00,https://projectn.com.br/call-of-duty-modern-warfare-4-ganha-novo-trailer-focado-no-multiplayer/,0.47,fraction,webmcp-schema-validity,WebMCP schemas are valid,,notApplicable,,,01_Relatorios_Brutos/projectn_article__mobile__r01.report.json
projectn_article,Project N,interna,mobile,1,2026-08-20T23:25:11-03:00,https://projectn.com.br/call-of-duty-modern-warfare-4-ganha-novo-trailer-focado-no-multiplayer/,0.47,fraction,cumulative-layout-shift,Cumulative Layout Shift,0.94,numeric,0.07871524790113972,0.079,01_Relatorios_Brutos/projectn_article__mobile__r01.report.json
projectn_article,Project N,interna,mobile,1,2026-08-20T23:25:11-03:00,https://projectn.com.br/call-of-duty-modern-warfare-4-ganha-novo-trailer-focado-no-multiplayer/,0.47,fraction,llms-txt,llms.txt follows recommendations,,notApplicable,,,01_Relatorios_Brutos/projectn_article__mobile__r01.report.json
boy_home,Nintendo Boy,inicial,mobile,1,2026-08-20T23:25:31-03:00,https://nintendoboy.com.br/,1,fraction,agent-accessibility-tree,Accessibility tree is well-formed,1,binary,,All audits passed,01_Relatorios_Brutos/boy_home__mobile__r01.report.json
boy_home,Nintendo Boy,inicial,mobile,1,2026-08-20T23:25:31-03:00,https://nintendoboy.com.br/,1,fraction,webmcp-form-coverage,WebMCP form coverage,,notApplicable,,,01_Relatorios_Brutos/boy_home__mobile__r01.report.json
boy_home,Nintendo Boy,inicial,mobile,1,2026-08-20T23:25:31-03:00,https://nintendoboy.com.br/,1,fraction,webmcp-registered-tools,WebMCP tools registered,,notApplicable,,,01_Relatorios_Brutos/boy_home__mobile__r01.report.json
boy_home,Nintendo Boy,inicial,mobile,1,2026-08-20T23:25:31-03:00,https://nintendoboy.com.br/,1,fraction,webmcp-schema-validity,WebMCP schemas are valid,,notApplicable,,,01_Relatorios_Brutos/boy_home__mobile__r01.report.json
boy_home,Nintendo Boy,inicial,mobile,1,2026-08-20T23:25:31-03:00,https://nintendoboy.com.br/,1,fraction,cumulative-layout-shift,Cumulative Layout Shift,1,numeric,0,0,01_Relatorios_Brutos/boy_home__mobile__r01.report.json
boy_home,Nintendo Boy,inicial,mobile,1,2026-08-20T23:25:31-03:00,https://nintendoboy.com.br/,1,fraction,llms-txt,llms.txt follows recommendations,,notApplicable,,,01_Relatorios_Brutos/boy_home__mobile__r01.report.json
boy_article,Nintendo Boy,interna,mobile,1,2026-08-20T23:25:50-03:00,https://nintendoboy.com.br/2026/08/sin-reloaded-remaster-do-fps-narrativo-de-1998-chega-as-plataformas-nintendo-em-setembro/,1,fraction,agent-accessibility-tree,Accessibility tree is well-formed,1,binary,,All audits passed,01_Relatorios_Brutos/boy_article__mobile__r01.report.json
boy_article,Nintendo Boy,interna,mobile,1,2026-08-20T23:25:50-03:00,https://nintendoboy.com.br/2026/08/sin-reloaded-remaster-do-fps-narrativo-de-1998-chega-as-plataformas-nintendo-em-setembro/,1,fraction,webmcp-form-coverage,WebMCP form coverage,,notApplicable,,,01_Relatorios_Brutos/boy_article__mobile__r01.report.json
boy_article,Nintendo Boy,interna,mobile,1,2026-08-20T23:25:50-03:00,https://nintendoboy.com.br/2026/08/sin-reloaded-remaster-do-fps-narrativo-de-1998-chega-as-plataformas-nintendo-em-setembro/,1,fraction,webmcp-registered-tools,WebMCP tools registered,,notApplicable,,,01_Relatorios_Brutos/boy_article__mobile__r01.report.json
boy_article,Nintendo Boy,interna,mobile,1,2026-08-20T23:25:50-03:00,https://nintendoboy.com.br/2026/08/sin-reloaded-remaster-do-fps-narrativo-de-1998-chega-as-plataformas-nintendo-em-setembro/,1,fraction,webmcp-schema-validity,WebMCP schemas are valid,,notApplicable,,,01_Relatorios_Brutos/boy_article__mobile__r01.report.json
boy_article,Nintendo Boy,interna,mobile,1,2026-08-20T23:25:50-03:00,https://nintendoboy.com.br/2026/08/sin-reloaded-remaster-do-fps-narrativo-de-1998-chega-as-plataformas-nintendo-em-setembro/,1,fraction,cumulative-layout-shift,Cumulative Layout Shift,1,numeric,0,0,01_Relatorios_Brutos/boy_article__mobile__r01.report.json
boy_article,Nintendo Boy,interna,mobile,1,2026-08-20T23:25:50-03:00,https://nintendoboy.com.br/2026/08/sin-reloaded-remaster-do-fps-narrativo-de-1998-chega-as-plataformas-nintendo-em-setembro/,1,fraction,llms-txt,llms.txt follows recommendations,,notApplicable,,,01_Relatorios_Brutos/boy_article__mobile__r01.report.json
coelho_article,Coelho News,interna,desktop,1,2026-08-20T23:26:13-03:00,https://coelhonews.com/noticias/the-binding-of-isaac-repentance-online-chega-ao-switch-2-em-novembro,0.5,fraction,agent-accessibility-tree,Accessibility tree is not well-formed,0,binary,,,01_Relatorios_Brutos/coelho_article__desktop__r01.report.json
coelho_article,Coelho News,interna,desktop,1,2026-08-20T23:26:13-03:00,https://coelhonews.com/noticias/the-binding-of-isaac-repentance-online-chega-ao-switch-2-em-novembro,0.5,fraction,webmcp-form-coverage,WebMCP form coverage,,notApplicable,,,01_Relatorios_Brutos/coelho_article__desktop__r01.report.json
coelho_article,Coelho News,interna,desktop,1,2026-08-20T23:26:13-03:00,https://coelhonews.com/noticias/the-binding-of-isaac-repentance-online-chega-ao-switch-2-em-novembro,0.5,fraction,webmcp-registered-tools,WebMCP tools registered,,notApplicable,,,01_Relatorios_Brutos/coelho_article__desktop__r01.report.json
coelho_article,Coelho News,interna,desktop,1,2026-08-20T23:26:13-03:00,https://coelhonews.com/noticias/the-binding-of-isaac-repentance-online-chega-ao-switch-2-em-novembro,0.5,fraction,webmcp-schema-validity,WebMCP schemas are valid,,notApplicable,,,01_Relatorios_Brutos/coelho_article__desktop__r01.report.json
coelho_article,Coelho News,interna,desktop,1,2026-08-20T23:26:13-03:00,https://coelhonews.com/noticias/the-binding-of-isaac-repentance-online-chega-ao-switch-2-em-novembro,0.5,fraction,cumulative-layout-shift,Cumulative Layout Shift,1,numeric,0,0,01_Relatorios_Brutos/coelho_article__desktop__r01.report.json
coelho_article,Coelho News,interna,desktop,1,2026-08-20T23:26:13-03:00,https://coelhonews.com/noticias/the-binding-of-isaac-repentance-online-chega-ao-switch-2-em-novembro,0.5,fraction,llms-txt,llms.txt follows recommendations,,notApplicable,,,01_Relatorios_Brutos/coelho_article__desktop__r01.report.json
universo_home,Universo Nintendo,inicial,desktop,1,2026-08-20T23:26:29-03:00,https://universonintendo.com/,0.47,fraction,agent-accessibility-tree,Accessibility tree is not well-formed,0,binary,,,01_Relatorios_Brutos/universo_home__desktop__r01.report.json
universo_home,Universo Nintendo,inicial,desktop,1,2026-08-20T23:26:29-03:00,https://universonintendo.com/,0.47,fraction,webmcp-form-coverage,WebMCP form coverage,,notApplicable,,,01_Relatorios_Brutos/universo_home__desktop__r01.report.json
universo_home,Universo Nintendo,inicial,desktop,1,2026-08-20T23:26:29-03:00,https://universonintendo.com/,0.47,fraction,webmcp-registered-tools,WebMCP tools registered,,notApplicable,,,01_Relatorios_Brutos/universo_home__desktop__r01.report.json
universo_home,Universo Nintendo,inicial,desktop,1,2026-08-20T23:26:29-03:00,https://universonintendo.com/,0.47,fraction,webmcp-schema-validity,WebMCP schemas are valid,,notApplicable,,,01_Relatorios_Brutos/universo_home__desktop__r01.report.json
universo_home,Universo Nintendo,inicial,desktop,1,2026-08-20T23:26:29-03:00,https://universonintendo.com/,0.47,fraction,cumulative-layout-shift,Cumulative Layout Shift,0.41,numeric,0.2896086888833973,0.29,01_Relatorios_Brutos/universo_home__desktop__r01.report.json
universo_home,Universo Nintendo,inicial,desktop,1,2026-08-20T23:26:29-03:00,https://universonintendo.com/,0.47,fraction,llms-txt,llms.txt follows recommendations,1,binary,,,01_Relatorios_Brutos/universo_home__desktop__r01.report.json
universo_article,Universo Nintendo,interna,desktop,1,2026-08-20T23:27:18-03:00,https://universonintendo.com/trails-in-the-sky-2nd-chapter-recebe-demo-gratuita-no-switch/,0.52,fraction,agent-accessibility-tree,Accessibility tree is not well-formed,0,binary,,,01_Relatorios_Brutos/universo_article__desktop__r01.report.json
universo_article,Universo Nintendo,interna,desktop,1,2026-08-20T23:27:18-03:00,https://universonintendo.com/trails-in-the-sky-2nd-chapter-recebe-demo-gratuita-no-switch/,0.52,fraction,webmcp-form-coverage,WebMCP form coverage,,notApplicable,,,01_Relatorios_Brutos/universo_article__desktop__r01.report.json
universo_article,Universo Nintendo,interna,desktop,1,2026-08-20T23:27:18-03:00,https://universonintendo.com/trails-in-the-sky-2nd-chapter-recebe-demo-gratuita-no-switch/,0.52,fraction,webmcp-registered-tools,WebMCP tools registered,,notApplicable,,,01_Relatorios_Brutos/universo_article__desktop__r01.report.json
universo_article,Universo Nintendo,interna,desktop,1,2026-08-20T23:27:18-03:00,https://universonintendo.com/trails-in-the-sky-2nd-chapter-recebe-demo-gratuita-no-switch/,0.52,fraction,webmcp-schema-validity,WebMCP schemas are valid,,notApplicable,,,01_Relatorios_Brutos/universo_article__desktop__r01.report.json
universo_article,Universo Nintendo,interna,desktop,1,2026-08-20T23:27:18-03:00,https://universonintendo.com/trails-in-the-sky-2nd-chapter-recebe-demo-gratuita-no-switch/,0.52,fraction,cumulative-layout-shift,Cumulative Layout Shift,0.57,numeric,0.22007342388250045,0.22,01_Relatorios_Brutos/universo_article__desktop__r01.report.json
universo_article,Universo Nintendo,interna,desktop,1,2026-08-20T23:27:18-03:00,https://universonintendo.com/trails-in-the-sky-2nd-chapter-recebe-demo-gratuita-no-switch/,0.52,fraction,llms-txt,llms.txt follows recommendations,1,binary,,,01_Relatorios_Brutos/universo_article__desktop__r01.report.json
casa_home,A Casa do Cogumelo,inicial,desktop,1,2026-08-20T23:28:01-03:00,https://www.acasadocogumelo.com/,0.32,fraction,agent-accessibility-tree,Accessibility tree is not well-formed,0,binary,,,01_Relatorios_Brutos/casa_home__desktop__r01.report.json
casa_home,A Casa do Cogumelo,inicial,desktop,1,2026-08-20T23:28:01-03:00,https://www.acasadocogumelo.com/,0.32,fraction,webmcp-form-coverage,WebMCP form coverage,,notApplicable,,,01_Relatorios_Brutos/casa_home__desktop__r01.report.json
casa_home,A Casa do Cogumelo,inicial,desktop,1,2026-08-20T23:28:01-03:00,https://www.acasadocogumelo.com/,0.32,fraction,webmcp-registered-tools,WebMCP tools registered,,notApplicable,,,01_Relatorios_Brutos/casa_home__desktop__r01.report.json
casa_home,A Casa do Cogumelo,inicial,desktop,1,2026-08-20T23:28:01-03:00,https://www.acasadocogumelo.com/,0.32,fraction,webmcp-schema-validity,WebMCP schemas are valid,,notApplicable,,,01_Relatorios_Brutos/casa_home__desktop__r01.report.json
casa_home,A Casa do Cogumelo,inicial,desktop,1,2026-08-20T23:28:01-03:00,https://www.acasadocogumelo.com/,0.32,fraction,cumulative-layout-shift,Cumulative Layout Shift,0.97,numeric,0.06319463191181952,0.063,01_Relatorios_Brutos/casa_home__desktop__r01.report.json
casa_home,A Casa do Cogumelo,inicial,desktop,1,2026-08-20T23:28:01-03:00,https://www.acasadocogumelo.com/,0.32,fraction,llms-txt,llms.txt does not follow recommendations,0,binary,,,01_Relatorios_Brutos/casa_home__desktop__r01.report.json
casa_article,A Casa do Cogumelo,interna,desktop,1,2026-08-20T23:28:27-03:00,https://www.acasadocogumelo.com/logitech-g-anuncia-lancamentos-que-contemplarao-mercado-brasileiro/,0.33,fraction,agent-accessibility-tree,Accessibility tree is not well-formed,0,binary,,,01_Relatorios_Brutos/casa_article__desktop__r01.report.json
casa_article,A Casa do Cogumelo,interna,desktop,1,2026-08-20T23:28:27-03:00,https://www.acasadocogumelo.com/logitech-g-anuncia-lancamentos-que-contemplarao-mercado-brasileiro/,0.33,fraction,webmcp-form-coverage,WebMCP form coverage,,notApplicable,,,01_Relatorios_Brutos/casa_article__desktop__r01.report.json
casa_article,A Casa do Cogumelo,interna,desktop,1,2026-08-20T23:28:27-03:00,https://www.acasadocogumelo.com/logitech-g-anuncia-lancamentos-que-contemplarao-mercado-brasileiro/,0.33,fraction,webmcp-registered-tools,WebMCP tools registered,,notApplicable,,,01_Relatorios_Brutos/casa_article__desktop__r01.report.json
casa_article,A Casa do Cogumelo,interna,desktop,1,2026-08-20T23:28:27-03:00,https://www.acasadocogumelo.com/logitech-g-anuncia-lancamentos-que-contemplarao-mercado-brasileiro/,0.33,fraction,webmcp-schema-validity,WebMCP schemas are valid,,notApplicable,,,01_Relatorios_Brutos/casa_article__desktop__r01.report.json
casa_article,A Casa do Cogumelo,interna,desktop,1,2026-08-20T23:28:27-03:00,https://www.acasadocogumelo.com/logitech-g-anuncia-lancamentos-que-contemplarao-mercado-brasileiro/,0.33,fraction,cumulative-layout-shift,Cumulative Layout Shift,1,numeric,0.0017832327333034287,0.002,01_Relatorios_Brutos/casa_article__desktop__r01.report.json
casa_article,A Casa do Cogumelo,interna,desktop,1,2026-08-20T23:28:27-03:00,https://www.acasadocogumelo.com/logitech-g-anuncia-lancamentos-que-contemplarao-mercado-brasileiro/,0.33,fraction,llms-txt,llms.txt does not follow recommendations,0,binary,,,01_Relatorios_Brutos/casa_article__desktop__r01.report.json
blast_home,Nintendo Blast,inicial,desktop,1,2026-08-20T23:28:54-03:00,https://www.nintendoblast.com.br/,0.5,fraction,agent-accessibility-tree,Accessibility tree is not well-formed,0,binary,,,01_Relatorios_Brutos/blast_home__desktop__r01.report.json
blast_home,Nintendo Blast,inicial,desktop,1,2026-08-20T23:28:54-03:00,https://www.nintendoblast.com.br/,0.5,fraction,webmcp-form-coverage,WebMCP form coverage,,notApplicable,,,01_Relatorios_Brutos/blast_home__desktop__r01.report.json
blast_home,Nintendo Blast,inicial,desktop,1,2026-08-20T23:28:54-03:00,https://www.nintendoblast.com.br/,0.5,fraction,webmcp-registered-tools,WebMCP tools registered,,notApplicable,,,01_Relatorios_Brutos/blast_home__desktop__r01.report.json
blast_home,Nintendo Blast,inicial,desktop,1,2026-08-20T23:28:54-03:00,https://www.nintendoblast.com.br/,0.5,fraction,webmcp-schema-validity,WebMCP schemas are valid,,notApplicable,,,01_Relatorios_Brutos/blast_home__desktop__r01.report.json
blast_home,Nintendo Blast,inicial,desktop,1,2026-08-20T23:28:54-03:00,https://www.nintendoblast.com.br/,0.5,fraction,cumulative-layout-shift,Cumulative Layout Shift,1,numeric,0.010195916165932914,0.01,01_Relatorios_Brutos/blast_home__desktop__r01.report.json
blast_home,Nintendo Blast,inicial,desktop,1,2026-08-20T23:28:54-03:00,https://www.nintendoblast.com.br/,0.5,fraction,llms-txt,llms.txt follows recommendations,,notApplicable,,,01_Relatorios_Brutos/blast_home__desktop__r01.report.json
blast_article,Nintendo Blast,interna,desktop,1,2026-08-20T23:29:12-03:00,https://www.nintendoblast.com.br/2026/08/nintendo-switch-online-recebe-icones-de-fire-emblem-three-houses.html,0.5,fraction,agent-accessibility-tree,Accessibility tree is not well-formed,0,binary,,,01_Relatorios_Brutos/blast_article__desktop__r01.report.json
blast_article,Nintendo Blast,interna,desktop,1,2026-08-20T23:29:12-03:00,https://www.nintendoblast.com.br/2026/08/nintendo-switch-online-recebe-icones-de-fire-emblem-three-houses.html,0.5,fraction,webmcp-form-coverage,WebMCP form coverage,,notApplicable,,,01_Relatorios_Brutos/blast_article__desktop__r01.report.json
blast_article,Nintendo Blast,interna,desktop,1,2026-08-20T23:29:12-03:00,https://www.nintendoblast.com.br/2026/08/nintendo-switch-online-recebe-icones-de-fire-emblem-three-houses.html,0.5,fraction,webmcp-registered-tools,WebMCP tools registered,,notApplicable,,,01_Relatorios_Brutos/blast_article__desktop__r01.report.json
blast_article,Nintendo Blast,interna,desktop,1,2026-08-20T23:29:12-03:00,https://www.nintendoblast.com.br/2026/08/nintendo-switch-online-recebe-icones-de-fire-emblem-three-houses.html,0.5,fraction,webmcp-schema-validity,WebMCP schemas are valid,,notApplicable,,,01_Relatorios_Brutos/blast_article__desktop__r01.report.json
blast_article,Nintendo Blast,interna,desktop,1,2026-08-20T23:29:12-03:00,https://www.nintendoblast.com.br/2026/08/nintendo-switch-online-recebe-icones-de-fire-emblem-three-houses.html,0.5,fraction,cumulative-layout-shift,Cumulative Layout Shift,1,numeric,0.005713657425439095,0.006,01_Relatorios_Brutos/blast_article__desktop__r01.report.json
blast_article,Nintendo Blast,interna,desktop,1,2026-08-20T23:29:12-03:00,https://www.nintendoblast.com.br/2026/08/nintendo-switch-online-recebe-icones-de-fire-emblem-three-houses.html,0.5,fraction,llms-txt,llms.txt follows recommendations,,notApplicable,,,01_Relatorios_Brutos/blast_article__desktop__r01.report.json
projectn_home,Project N,inicial,desktop,1,2026-08-20T23:29:35-03:00,https://projectn.com.br/,0.21,fraction,agent-accessibility-tree,Accessibility tree is not well-formed,0,binary,,,01_Relatorios_Brutos/projectn_home__desktop__r01.report.json
projectn_home,Project N,inicial,desktop,1,2026-08-20T23:29:35-03:00,https://projectn.com.br/,0.21,fraction,webmcp-form-coverage,WebMCP form coverage,,notApplicable,,,01_Relatorios_Brutos/projectn_home__desktop__r01.report.json
projectn_home,Project N,inicial,desktop,1,2026-08-20T23:29:35-03:00,https://projectn.com.br/,0.21,fraction,webmcp-registered-tools,WebMCP tools registered,,notApplicable,,,01_Relatorios_Brutos/projectn_home__desktop__r01.report.json
projectn_home,Project N,inicial,desktop,1,2026-08-20T23:29:35-03:00,https://projectn.com.br/,0.21,fraction,webmcp-schema-validity,WebMCP schemas are valid,,notApplicable,,,01_Relatorios_Brutos/projectn_home__desktop__r01.report.json
projectn_home,Project N,inicial,desktop,1,2026-08-20T23:29:35-03:00,https://projectn.com.br/,0.21,fraction,cumulative-layout-shift,Cumulative Layout Shift,0.41,numeric,0.2914415491274205,0.291,01_Relatorios_Brutos/projectn_home__desktop__r01.report.json
projectn_home,Project N,inicial,desktop,1,2026-08-20T23:29:35-03:00,https://projectn.com.br/,0.21,fraction,llms-txt,llms.txt follows recommendations,,notApplicable,,,01_Relatorios_Brutos/projectn_home__desktop__r01.report.json
projectn_article,Project N,interna,desktop,1,2026-08-20T23:30:22-03:00,https://projectn.com.br/call-of-duty-modern-warfare-4-ganha-novo-trailer-focado-no-multiplayer/,0.3,fraction,agent-accessibility-tree,Accessibility tree is not well-formed,0,binary,,,01_Relatorios_Brutos/projectn_article__desktop__r01.report.json
projectn_article,Project N,interna,desktop,1,2026-08-20T23:30:22-03:00,https://projectn.com.br/call-of-duty-modern-warfare-4-ganha-novo-trailer-focado-no-multiplayer/,0.3,fraction,webmcp-form-coverage,WebMCP form coverage,,notApplicable,,,01_Relatorios_Brutos/projectn_article__desktop__r01.report.json
projectn_article,Project N,interna,desktop,1,2026-08-20T23:30:22-03:00,https://projectn.com.br/call-of-duty-modern-warfare-4-ganha-novo-trailer-focado-no-multiplayer/,0.3,fraction,webmcp-registered-tools,WebMCP tools registered,,notApplicable,,,01_Relatorios_Brutos/projectn_article__desktop__r01.report.json
projectn_article,Project N,interna,desktop,1,2026-08-20T23:30:22-03:00,https://projectn.com.br/call-of-duty-modern-warfare-4-ganha-novo-trailer-focado-no-multiplayer/,0.3,fraction,webmcp-schema-validity,WebMCP schemas are valid,,notApplicable,,,01_Relatorios_Brutos/projectn_article__desktop__r01.report.json
projectn_article,Project N,interna,desktop,1,2026-08-20T23:30:22-03:00,https://projectn.com.br/call-of-duty-modern-warfare-4-ganha-novo-trailer-focado-no-multiplayer/,0.3,fraction,cumulative-layout-shift,Cumulative Layout Shift,0.59,numeric,0.21208701302877736,0.212,01_Relatorios_Brutos/projectn_article__desktop__r01.report.json
projectn_article,Project N,interna,desktop,1,2026-08-20T23:30:22-03:00,https://projectn.com.br/call-of-duty-modern-warfare-4-ganha-novo-trailer-focado-no-multiplayer/,0.3,fraction,llms-txt,llms.txt follows recommendations,,notApplicable,,,01_Relatorios_Brutos/projectn_article__desktop__r01.report.json
boy_home,Nintendo Boy,inicial,desktop,1,2026-08-20T23:30:42-03:00,https://nintendoboy.com.br/,0.8,fraction,agent-accessibility-tree,Accessibility tree is well-formed,1,binary,,All audits passed,01_Relatorios_Brutos/boy_home__desktop__r01.report.json
boy_home,Nintendo Boy,inicial,desktop,1,2026-08-20T23:30:42-03:00,https://nintendoboy.com.br/,0.8,fraction,webmcp-form-coverage,WebMCP form coverage,,notApplicable,,,01_Relatorios_Brutos/boy_home__desktop__r01.report.json
boy_home,Nintendo Boy,inicial,desktop,1,2026-08-20T23:30:42-03:00,https://nintendoboy.com.br/,0.8,fraction,webmcp-registered-tools,WebMCP tools registered,,notApplicable,,,01_Relatorios_Brutos/boy_home__desktop__r01.report.json
boy_home,Nintendo Boy,inicial,desktop,1,2026-08-20T23:30:42-03:00,https://nintendoboy.com.br/,0.8,fraction,webmcp-schema-validity,WebMCP schemas are valid,,notApplicable,,,01_Relatorios_Brutos/boy_home__desktop__r01.report.json
boy_home,Nintendo Boy,inicial,desktop,1,2026-08-20T23:30:42-03:00,https://nintendoboy.com.br/,0.8,fraction,cumulative-layout-shift,Cumulative Layout Shift,0.6,numeric,0.20586801404225777,0.206,01_Relatorios_Brutos/boy_home__desktop__r01.report.json
boy_home,Nintendo Boy,inicial,desktop,1,2026-08-20T23:30:42-03:00,https://nintendoboy.com.br/,0.8,fraction,llms-txt,llms.txt follows recommendations,,notApplicable,,,01_Relatorios_Brutos/boy_home__desktop__r01.report.json
boy_article,Nintendo Boy,interna,desktop,1,2026-08-20T23:30:59-03:00,https://nintendoboy.com.br/2026/08/sin-reloaded-remaster-do-fps-narrativo-de-1998-chega-as-plataformas-nintendo-em-setembro/,0.31,fraction,agent-accessibility-tree,Accessibility tree is not well-formed,0,binary,,,01_Relatorios_Brutos/boy_article__desktop__r01.report.json
boy_article,Nintendo Boy,interna,desktop,1,2026-08-20T23:30:59-03:00,https://nintendoboy.com.br/2026/08/sin-reloaded-remaster-do-fps-narrativo-de-1998-chega-as-plataformas-nintendo-em-setembro/,0.31,fraction,webmcp-form-coverage,WebMCP form coverage,,notApplicable,,,01_Relatorios_Brutos/boy_article__desktop__r01.report.json
boy_article,Nintendo Boy,interna,desktop,1,2026-08-20T23:30:59-03:00,https://nintendoboy.com.br/2026/08/sin-reloaded-remaster-do-fps-narrativo-de-1998-chega-as-plataformas-nintendo-em-setembro/,0.31,fraction,webmcp-registered-tools,WebMCP tools registered,,notApplicable,,,01_Relatorios_Brutos/boy_article__desktop__r01.report.json
boy_article,Nintendo Boy,interna,desktop,1,2026-08-20T23:30:59-03:00,https://nintendoboy.com.br/2026/08/sin-reloaded-remaster-do-fps-narrativo-de-1998-chega-as-plataformas-nintendo-em-setembro/,0.31,fraction,webmcp-schema-validity,WebMCP schemas are valid,,notApplicable,,,01_Relatorios_Brutos/boy_article__desktop__r01.report.json
boy_article,Nintendo Boy,interna,desktop,1,2026-08-20T23:30:59-03:00,https://nintendoboy.com.br/2026/08/sin-reloaded-remaster-do-fps-narrativo-de-1998-chega-as-plataformas-nintendo-em-setembro/,0.31,fraction,cumulative-layout-shift,Cumulative Layout Shift,0.61,numeric,0.2021581197585614,0.202,01_Relatorios_Brutos/boy_article__desktop__r01.report.json
boy_article,Nintendo Boy,interna,desktop,1,2026-08-20T23:30:59-03:00,https://nintendoboy.com.br/2026/08/sin-reloaded-remaster-do-fps-narrativo-de-1998-chega-as-plataformas-nintendo-em-setembro/,0.31,fraction,llms-txt,llms.txt follows recommendations,,notApplicable,,,01_Relatorios_Brutos/boy_article__desktop__r01.report.json
nn_home,Nintendista News,inicial,desktop,1,2026-08-20T23:31:21-03:00,https://nintendista.news/,1,fraction,agent-accessibility-tree,Accessibility tree is well-formed,1,binary,,All audits passed,01_Relatorios_Brutos/nn_home__desktop__r01.report.json
nn_home,Nintendista News,inicial,desktop,1,2026-08-20T23:31:21-03:00,https://nintendista.news/,1,fraction,webmcp-form-coverage,WebMCP form coverage,,notApplicable,,,01_Relatorios_Brutos/nn_home__desktop__r01.report.json
nn_home,Nintendista News,inicial,desktop,1,2026-08-20T23:31:21-03:00,https://nintendista.news/,1,fraction,webmcp-registered-tools,WebMCP tools registered,,notApplicable,,,01_Relatorios_Brutos/nn_home__desktop__r01.report.json
nn_home,Nintendista News,inicial,desktop,1,2026-08-20T23:31:21-03:00,https://nintendista.news/,1,fraction,webmcp-schema-validity,WebMCP schemas are valid,,notApplicable,,,01_Relatorios_Brutos/nn_home__desktop__r01.report.json
nn_home,Nintendista News,inicial,desktop,1,2026-08-20T23:31:21-03:00,https://nintendista.news/,1,fraction,cumulative-layout-shift,Cumulative Layout Shift,1,numeric,0,0,01_Relatorios_Brutos/nn_home__desktop__r01.report.json
nn_home,Nintendista News,inicial,desktop,1,2026-08-20T23:31:21-03:00,https://nintendista.news/,1,fraction,llms-txt,llms.txt follows recommendations,1,binary,,,01_Relatorios_Brutos/nn_home__desktop__r01.report.json
nn_article,Nintendista News,interna,desktop,1,2026-08-20T23:31:33-03:00,https://nintendista.news/noticias/nintendista-news-no-ar/,1,fraction,agent-accessibility-tree,Accessibility tree is well-formed,1,binary,,All audits passed,01_Relatorios_Brutos/nn_article__desktop__r01.report.json
nn_article,Nintendista News,interna,desktop,1,2026-08-20T23:31:33-03:00,https://nintendista.news/noticias/nintendista-news-no-ar/,1,fraction,webmcp-form-coverage,WebMCP form coverage,,notApplicable,,,01_Relatorios_Brutos/nn_article__desktop__r01.report.json
nn_article,Nintendista News,interna,desktop,1,2026-08-20T23:31:33-03:00,https://nintendista.news/noticias/nintendista-news-no-ar/,1,fraction,webmcp-registered-tools,WebMCP tools registered,,notApplicable,,,01_Relatorios_Brutos/nn_article__desktop__r01.report.json
nn_article,Nintendista News,interna,desktop,1,2026-08-20T23:31:33-03:00,https://nintendista.news/noticias/nintendista-news-no-ar/,1,fraction,webmcp-schema-validity,WebMCP schemas are valid,,notApplicable,,,01_Relatorios_Brutos/nn_article__desktop__r01.report.json
nn_article,Nintendista News,interna,desktop,1,2026-08-20T23:31:33-03:00,https://nintendista.news/noticias/nintendista-news-no-ar/,1,fraction,cumulative-layout-shift,Cumulative Layout Shift,1,numeric,0,0,01_Relatorios_Brutos/nn_article__desktop__r01.report.json
nn_article,Nintendista News,interna,desktop,1,2026-08-20T23:31:33-03:00,https://nintendista.news/noticias/nintendista-news-no-ar/,1,fraction,llms-txt,llms.txt follows recommendations,1,binary,,,01_Relatorios_Brutos/nn_article__desktop__r01.report.json
coelho_home,Coelho News,inicial,desktop,1,2026-08-20T23:31:44-03:00,https://coelhonews.com/,1,fraction,agent-accessibility-tree,Accessibility tree is well-formed,1,binary,,All audits passed,01_Relatorios_Brutos/coelho_home__desktop__r01.report.json
coelho_home,Coelho News,inicial,desktop,1,2026-08-20T23:31:44-03:00,https://coelhonews.com/,1,fraction,webmcp-form-coverage,WebMCP form coverage,,notApplicable,,,01_Relatorios_Brutos/coelho_home__desktop__r01.report.json
coelho_home,Coelho News,inicial,desktop,1,2026-08-20T23:31:44-03:00,https://coelhonews.com/,1,fraction,webmcp-registered-tools,WebMCP tools registered,,notApplicable,,,01_Relatorios_Brutos/coelho_home__desktop__r01.report.json
coelho_home,Coelho News,inicial,desktop,1,2026-08-20T23:31:44-03:00,https://coelhonews.com/,1,fraction,webmcp-schema-validity,WebMCP schemas are valid,,notApplicable,,,01_Relatorios_Brutos/coelho_home__desktop__r01.report.json
coelho_home,Coelho News,inicial,desktop,1,2026-08-20T23:31:44-03:00,https://coelhonews.com/,1,fraction,cumulative-layout-shift,Cumulative Layout Shift,1,numeric,0,0,01_Relatorios_Brutos/coelho_home__desktop__r01.report.json
coelho_home,Coelho News,inicial,desktop,1,2026-08-20T23:31:44-03:00,https://coelhonews.com/,1,fraction,llms-txt,llms.txt follows recommendations,,notApplicable,,,01_Relatorios_Brutos/coelho_home__desktop__r01.report.json
nn_article,Nintendista News,interna,mobile,2,2026-08-20T23:32:02-03:00,https://nintendista.news/noticias/nintendista-news-no-ar/,1,fraction,agent-accessibility-tree,Accessibility tree is well-formed,1,binary,,All audits passed,01_Relatorios_Brutos/nn_article__mobile__r02.report.json
nn_article,Nintendista News,interna,mobile,2,2026-08-20T23:32:02-03:00,https://nintendista.news/noticias/nintendista-news-no-ar/,1,fraction,webmcp-form-coverage,WebMCP form coverage,,notApplicable,,,01_Relatorios_Brutos/nn_article__mobile__r02.report.json
nn_article,Nintendista News,interna,mobile,2,2026-08-20T23:32:02-03:00,https://nintendista.news/noticias/nintendista-news-no-ar/,1,fraction,webmcp-registered-tools,WebMCP tools registered,,notApplicable,,,01_Relatorios_Brutos/nn_article__mobile__r02.report.json
nn_article,Nintendista News,interna,mobile,2,2026-08-20T23:32:02-03:00,https://nintendista.news/noticias/nintendista-news-no-ar/,1,fraction,webmcp-schema-validity,WebMCP schemas are valid,,notApplicable,,,01_Relatorios_Brutos/nn_article__mobile__r02.report.json
nn_article,Nintendista News,interna,mobile,2,2026-08-20T23:32:02-03:00,https://nintendista.news/noticias/nintendista-news-no-ar/,1,fraction,cumulative-layout-shift,Cumulative Layout Shift,1,numeric,0,0,01_Relatorios_Brutos/nn_article__mobile__r02.report.json
nn_article,Nintendista News,interna,mobile,2,2026-08-20T23:32:02-03:00,https://nintendista.news/noticias/nintendista-news-no-ar/,1,fraction,llms-txt,llms.txt follows recommendations,1,binary,,,01_Relatorios_Brutos/nn_article__mobile__r02.report.json
coelho_home,Coelho News,inicial,mobile,2,2026-08-20T23:32:15-03:00,https://coelhonews.com/,0.5,fraction,agent-accessibility-tree,Accessibility tree is not well-formed,0,binary,,,01_Relatorios_Brutos/coelho_home__mobile__r02.report.json
coelho_home,Coelho News,inicial,mobile,2,2026-08-20T23:32:15-03:00,https://coelhonews.com/,0.5,fraction,webmcp-form-coverage,WebMCP form coverage,,notApplicable,,,01_Relatorios_Brutos/coelho_home__mobile__r02.report.json
coelho_home,Coelho News,inicial,mobile,2,2026-08-20T23:32:15-03:00,https://coelhonews.com/,0.5,fraction,webmcp-registered-tools,WebMCP tools registered,,notApplicable,,,01_Relatorios_Brutos/coelho_home__mobile__r02.report.json
coelho_home,Coelho News,inicial,mobile,2,2026-08-20T23:32:15-03:00,https://coelhonews.com/,0.5,fraction,webmcp-schema-validity,WebMCP schemas are valid,,notApplicable,,,01_Relatorios_Brutos/coelho_home__mobile__r02.report.json
coelho_home,Coelho News,inicial,mobile,2,2026-08-20T23:32:15-03:00,https://coelhonews.com/,0.5,fraction,cumulative-layout-shift,Cumulative Layout Shift,1,numeric,0,0,01_Relatorios_Brutos/coelho_home__mobile__r02.report.json
coelho_home,Coelho News,inicial,mobile,2,2026-08-20T23:32:15-03:00,https://coelhonews.com/,0.5,fraction,llms-txt,llms.txt follows recommendations,,notApplicable,,,01_Relatorios_Brutos/coelho_home__mobile__r02.report.json
coelho_article,Coelho News,interna,mobile,2,2026-08-20T23:32:33-03:00,https://coelhonews.com/noticias/the-binding-of-isaac-repentance-online-chega-ao-switch-2-em-novembro,0.5,fraction,agent-accessibility-tree,Accessibility tree is not well-formed,0,binary,,,01_Relatorios_Brutos/coelho_article__mobile__r02.report.json
coelho_article,Coelho News,interna,mobile,2,2026-08-20T23:32:33-03:00,https://coelhonews.com/noticias/the-binding-of-isaac-repentance-online-chega-ao-switch-2-em-novembro,0.5,fraction,webmcp-form-coverage,WebMCP form coverage,,notApplicable,,,01_Relatorios_Brutos/coelho_article__mobile__r02.report.json
coelho_article,Coelho News,interna,mobile,2,2026-08-20T23:32:33-03:00,https://coelhonews.com/noticias/the-binding-of-isaac-repentance-online-chega-ao-switch-2-em-novembro,0.5,fraction,webmcp-registered-tools,WebMCP tools registered,,notApplicable,,,01_Relatorios_Brutos/coelho_article__mobile__r02.report.json
coelho_article,Coelho News,interna,mobile,2,2026-08-20T23:32:33-03:00,https://coelhonews.com/noticias/the-binding-of-isaac-repentance-online-chega-ao-switch-2-em-novembro,0.5,fraction,webmcp-schema-validity,WebMCP schemas are valid,,notApplicable,,,01_Relatorios_Brutos/coelho_article__mobile__r02.report.json
coelho_article,Coelho News,interna,mobile,2,2026-08-20T23:32:33-03:00,https://coelhonews.com/noticias/the-binding-of-isaac-repentance-online-chega-ao-switch-2-em-novembro,0.5,fraction,cumulative-layout-shift,Cumulative Layout Shift,1,numeric,0,0,01_Relatorios_Brutos/coelho_article__mobile__r02.report.json
coelho_article,Coelho News,interna,mobile,2,2026-08-20T23:32:33-03:00,https://coelhonews.com/noticias/the-binding-of-isaac-repentance-online-chega-ao-switch-2-em-novembro,0.5,fraction,llms-txt,llms.txt follows recommendations,,notApplicable,,,01_Relatorios_Brutos/coelho_article__mobile__r02.report.json
universo_home,Universo Nintendo,inicial,mobile,2,2026-08-20T23:32:48-03:00,https://universonintendo.com/,0.53,fraction,agent-accessibility-tree,Accessibility tree is not well-formed,0,binary,,,01_Relatorios_Brutos/universo_home__mobile__r02.report.json
universo_home,Universo Nintendo,inicial,mobile,2,2026-08-20T23:32:48-03:00,https://universonintendo.com/,0.53,fraction,webmcp-form-coverage,WebMCP form coverage,,notApplicable,,,01_Relatorios_Brutos/universo_home__mobile__r02.report.json
universo_home,Universo Nintendo,inicial,mobile,2,2026-08-20T23:32:48-03:00,https://universonintendo.com/,0.53,fraction,webmcp-registered-tools,WebMCP tools registered,,notApplicable,,,01_Relatorios_Brutos/universo_home__mobile__r02.report.json
universo_home,Universo Nintendo,inicial,mobile,2,2026-08-20T23:32:48-03:00,https://universonintendo.com/,0.53,fraction,webmcp-schema-validity,WebMCP schemas are valid,,notApplicable,,,01_Relatorios_Brutos/universo_home__mobile__r02.report.json
universo_home,Universo Nintendo,inicial,mobile,2,2026-08-20T23:32:48-03:00,https://universonintendo.com/,0.53,fraction,cumulative-layout-shift,Cumulative Layout Shift,0.6,numeric,0.207941646920463,0.208,01_Relatorios_Brutos/universo_home__mobile__r02.report.json
universo_home,Universo Nintendo,inicial,mobile,2,2026-08-20T23:32:48-03:00,https://universonintendo.com/,0.53,fraction,llms-txt,llms.txt follows recommendations,1,binary,,,01_Relatorios_Brutos/universo_home__mobile__r02.report.json
universo_article,Universo Nintendo,interna,mobile,2,2026-08-20T23:33:35-03:00,https://universonintendo.com/trails-in-the-sky-2nd-chapter-recebe-demo-gratuita-no-switch/,0.44,fraction,agent-accessibility-tree,Accessibility tree is not well-formed,0,binary,,,01_Relatorios_Brutos/universo_article__mobile__r02.report.json
universo_article,Universo Nintendo,interna,mobile,2,2026-08-20T23:33:35-03:00,https://universonintendo.com/trails-in-the-sky-2nd-chapter-recebe-demo-gratuita-no-switch/,0.44,fraction,webmcp-form-coverage,WebMCP form coverage,,notApplicable,,,01_Relatorios_Brutos/universo_article__mobile__r02.report.json
universo_article,Universo Nintendo,interna,mobile,2,2026-08-20T23:33:35-03:00,https://universonintendo.com/trails-in-the-sky-2nd-chapter-recebe-demo-gratuita-no-switch/,0.44,fraction,webmcp-registered-tools,WebMCP tools registered,,notApplicable,,,01_Relatorios_Brutos/universo_article__mobile__r02.report.json
universo_article,Universo Nintendo,interna,mobile,2,2026-08-20T23:33:35-03:00,https://universonintendo.com/trails-in-the-sky-2nd-chapter-recebe-demo-gratuita-no-switch/,0.44,fraction,webmcp-schema-validity,WebMCP schemas are valid,,notApplicable,,,01_Relatorios_Brutos/universo_article__mobile__r02.report.json
universo_article,Universo Nintendo,interna,mobile,2,2026-08-20T23:33:35-03:00,https://universonintendo.com/trails-in-the-sky-2nd-chapter-recebe-demo-gratuita-no-switch/,0.44,fraction,cumulative-layout-shift,Cumulative Layout Shift,0.31,numeric,0.3549226808416711,0.355,01_Relatorios_Brutos/universo_article__mobile__r02.report.json
universo_article,Universo Nintendo,interna,mobile,2,2026-08-20T23:33:35-03:00,https://universonintendo.com/trails-in-the-sky-2nd-chapter-recebe-demo-gratuita-no-switch/,0.44,fraction,llms-txt,llms.txt follows recommendations,1,binary,,,01_Relatorios_Brutos/universo_article__mobile__r02.report.json
casa_home,A Casa do Cogumelo,inicial,mobile,2,2026-08-20T23:34:12-03:00,https://www.acasadocogumelo.com/,0.06,fraction,agent-accessibility-tree,Accessibility tree is not well-formed,0,binary,,,01_Relatorios_Brutos/casa_home__mobile__r02.report.json
casa_home,A Casa do Cogumelo,inicial,mobile,2,2026-08-20T23:34:12-03:00,https://www.acasadocogumelo.com/,0.06,fraction,webmcp-form-coverage,WebMCP form coverage,,notApplicable,,,01_Relatorios_Brutos/casa_home__mobile__r02.report.json
casa_home,A Casa do Cogumelo,inicial,mobile,2,2026-08-20T23:34:12-03:00,https://www.acasadocogumelo.com/,0.06,fraction,webmcp-registered-tools,WebMCP tools registered,,notApplicable,,,01_Relatorios_Brutos/casa_home__mobile__r02.report.json
casa_home,A Casa do Cogumelo,inicial,mobile,2,2026-08-20T23:34:12-03:00,https://www.acasadocogumelo.com/,0.06,fraction,webmcp-schema-validity,WebMCP schemas are valid,,notApplicable,,,01_Relatorios_Brutos/casa_home__mobile__r02.report.json
casa_home,A Casa do Cogumelo,inicial,mobile,2,2026-08-20T23:34:12-03:00,https://www.acasadocogumelo.com/,0.06,fraction,cumulative-layout-shift,Cumulative Layout Shift,0.19,numeric,0.4618315657846618,0.462,01_Relatorios_Brutos/casa_home__mobile__r02.report.json
casa_home,A Casa do Cogumelo,inicial,mobile,2,2026-08-20T23:34:12-03:00,https://www.acasadocogumelo.com/,0.06,fraction,llms-txt,llms.txt does not follow recommendations,0,binary,,,01_Relatorios_Brutos/casa_home__mobile__r02.report.json
casa_article,A Casa do Cogumelo,interna,mobile,2,2026-08-20T23:34:36-03:00,https://www.acasadocogumelo.com/logitech-g-anuncia-lancamentos-que-contemplarao-mercado-brasileiro/,0.33,fraction,agent-accessibility-tree,Accessibility tree is not well-formed,0,binary,,,01_Relatorios_Brutos/casa_article__mobile__r02.report.json
casa_article,A Casa do Cogumelo,interna,mobile,2,2026-08-20T23:34:36-03:00,https://www.acasadocogumelo.com/logitech-g-anuncia-lancamentos-que-contemplarao-mercado-brasileiro/,0.33,fraction,webmcp-form-coverage,WebMCP form coverage,,notApplicable,,,01_Relatorios_Brutos/casa_article__mobile__r02.report.json
casa_article,A Casa do Cogumelo,interna,mobile,2,2026-08-20T23:34:36-03:00,https://www.acasadocogumelo.com/logitech-g-anuncia-lancamentos-que-contemplarao-mercado-brasileiro/,0.33,fraction,webmcp-registered-tools,WebMCP tools registered,,notApplicable,,,01_Relatorios_Brutos/casa_article__mobile__r02.report.json
casa_article,A Casa do Cogumelo,interna,mobile,2,2026-08-20T23:34:36-03:00,https://www.acasadocogumelo.com/logitech-g-anuncia-lancamentos-que-contemplarao-mercado-brasileiro/,0.33,fraction,webmcp-schema-validity,WebMCP schemas are valid,,notApplicable,,,01_Relatorios_Brutos/casa_article__mobile__r02.report.json
casa_article,A Casa do Cogumelo,interna,mobile,2,2026-08-20T23:34:36-03:00,https://www.acasadocogumelo.com/logitech-g-anuncia-lancamentos-que-contemplarao-mercado-brasileiro/,0.33,fraction,cumulative-layout-shift,Cumulative Layout Shift,1,numeric,0.002073907156726277,0.002,01_Relatorios_Brutos/casa_article__mobile__r02.report.json
casa_article,A Casa do Cogumelo,interna,mobile,2,2026-08-20T23:34:36-03:00,https://www.acasadocogumelo.com/logitech-g-anuncia-lancamentos-que-contemplarao-mercado-brasileiro/,0.33,fraction,llms-txt,llms.txt does not follow recommendations,0,binary,,,01_Relatorios_Brutos/casa_article__mobile__r02.report.json
blast_home,Nintendo Blast,inicial,mobile,2,2026-08-20T23:35:01-03:00,https://www.nintendoblast.com.br/,0.5,fraction,agent-accessibility-tree,Accessibility tree is not well-formed,0,binary,,,01_Relatorios_Brutos/blast_home__mobile__r02.report.json
blast_home,Nintendo Blast,inicial,mobile,2,2026-08-20T23:35:01-03:00,https://www.nintendoblast.com.br/,0.5,fraction,webmcp-form-coverage,WebMCP form coverage,,notApplicable,,,01_Relatorios_Brutos/blast_home__mobile__r02.report.json
blast_home,Nintendo Blast,inicial,mobile,2,2026-08-20T23:35:01-03:00,https://www.nintendoblast.com.br/,0.5,fraction,webmcp-registered-tools,WebMCP tools registered,,notApplicable,,,01_Relatorios_Brutos/blast_home__mobile__r02.report.json
blast_home,Nintendo Blast,inicial,mobile,2,2026-08-20T23:35:01-03:00,https://www.nintendoblast.com.br/,0.5,fraction,webmcp-schema-validity,WebMCP schemas are valid,,notApplicable,,,01_Relatorios_Brutos/blast_home__mobile__r02.report.json
blast_home,Nintendo Blast,inicial,mobile,2,2026-08-20T23:35:01-03:00,https://www.nintendoblast.com.br/,0.5,fraction,cumulative-layout-shift,Cumulative Layout Shift,1,numeric,0.004748061872443082,0.005,01_Relatorios_Brutos/blast_home__mobile__r02.report.json
blast_home,Nintendo Blast,inicial,mobile,2,2026-08-20T23:35:01-03:00,https://www.nintendoblast.com.br/,0.5,fraction,llms-txt,llms.txt follows recommendations,,notApplicable,,,01_Relatorios_Brutos/blast_home__mobile__r02.report.json
blast_article,Nintendo Blast,interna,mobile,2,2026-08-20T23:35:18-03:00,https://www.nintendoblast.com.br/2026/08/nintendo-switch-online-recebe-icones-de-fire-emblem-three-houses.html,0.5,fraction,agent-accessibility-tree,Accessibility tree is not well-formed,0,binary,,,01_Relatorios_Brutos/blast_article__mobile__r02.report.json
blast_article,Nintendo Blast,interna,mobile,2,2026-08-20T23:35:18-03:00,https://www.nintendoblast.com.br/2026/08/nintendo-switch-online-recebe-icones-de-fire-emblem-three-houses.html,0.5,fraction,webmcp-form-coverage,WebMCP form coverage,,notApplicable,,,01_Relatorios_Brutos/blast_article__mobile__r02.report.json
blast_article,Nintendo Blast,interna,mobile,2,2026-08-20T23:35:18-03:00,https://www.nintendoblast.com.br/2026/08/nintendo-switch-online-recebe-icones-de-fire-emblem-three-houses.html,0.5,fraction,webmcp-registered-tools,WebMCP tools registered,,notApplicable,,,01_Relatorios_Brutos/blast_article__mobile__r02.report.json
blast_article,Nintendo Blast,interna,mobile,2,2026-08-20T23:35:18-03:00,https://www.nintendoblast.com.br/2026/08/nintendo-switch-online-recebe-icones-de-fire-emblem-three-houses.html,0.5,fraction,webmcp-schema-validity,WebMCP schemas are valid,,notApplicable,,,01_Relatorios_Brutos/blast_article__mobile__r02.report.json
blast_article,Nintendo Blast,interna,mobile,2,2026-08-20T23:35:18-03:00,https://www.nintendoblast.com.br/2026/08/nintendo-switch-online-recebe-icones-de-fire-emblem-three-houses.html,0.5,fraction,cumulative-layout-shift,Cumulative Layout Shift,1,numeric,0.0024773780540918813,0.002,01_Relatorios_Brutos/blast_article__mobile__r02.report.json
blast_article,Nintendo Blast,interna,mobile,2,2026-08-20T23:35:18-03:00,https://www.nintendoblast.com.br/2026/08/nintendo-switch-online-recebe-icones-de-fire-emblem-three-houses.html,0.5,fraction,llms-txt,llms.txt follows recommendations,,notApplicable,,,01_Relatorios_Brutos/blast_article__mobile__r02.report.json
projectn_home,Project N,inicial,mobile,2,2026-08-20T23:35:41-03:00,https://projectn.com.br/,0.02,fraction,agent-accessibility-tree,Accessibility tree is not well-formed,0,binary,,,01_Relatorios_Brutos/projectn_home__mobile__r02.report.json
projectn_home,Project N,inicial,mobile,2,2026-08-20T23:35:41-03:00,https://projectn.com.br/,0.02,fraction,webmcp-form-coverage,WebMCP form coverage,,notApplicable,,,01_Relatorios_Brutos/projectn_home__mobile__r02.report.json
projectn_home,Project N,inicial,mobile,2,2026-08-20T23:35:41-03:00,https://projectn.com.br/,0.02,fraction,webmcp-registered-tools,WebMCP tools registered,,notApplicable,,,01_Relatorios_Brutos/projectn_home__mobile__r02.report.json
projectn_home,Project N,inicial,mobile,2,2026-08-20T23:35:41-03:00,https://projectn.com.br/,0.02,fraction,webmcp-schema-validity,WebMCP schemas are valid,,notApplicable,,,01_Relatorios_Brutos/projectn_home__mobile__r02.report.json
projectn_home,Project N,inicial,mobile,2,2026-08-20T23:35:41-03:00,https://projectn.com.br/,0.02,fraction,cumulative-layout-shift,Cumulative Layout Shift,0.03,numeric,0.917732378126693,0.918,01_Relatorios_Brutos/projectn_home__mobile__r02.report.json
projectn_home,Project N,inicial,mobile,2,2026-08-20T23:35:41-03:00,https://projectn.com.br/,0.02,fraction,llms-txt,llms.txt follows recommendations,,notApplicable,,,01_Relatorios_Brutos/projectn_home__mobile__r02.report.json
projectn_article,Project N,interna,mobile,2,2026-08-20T23:36:02-03:00,https://projectn.com.br/call-of-duty-modern-warfare-4-ganha-novo-trailer-focado-no-multiplayer/,0.47,fraction,agent-accessibility-tree,Accessibility tree is not well-formed,0,binary,,,01_Relatorios_Brutos/projectn_article__mobile__r02.report.json
projectn_article,Project N,interna,mobile,2,2026-08-20T23:36:02-03:00,https://projectn.com.br/call-of-duty-modern-warfare-4-ganha-novo-trailer-focado-no-multiplayer/,0.47,fraction,webmcp-form-coverage,WebMCP form coverage,,notApplicable,,,01_Relatorios_Brutos/projectn_article__mobile__r02.report.json
projectn_article,Project N,interna,mobile,2,2026-08-20T23:36:02-03:00,https://projectn.com.br/call-of-duty-modern-warfare-4-ganha-novo-trailer-focado-no-multiplayer/,0.47,fraction,webmcp-registered-tools,WebMCP tools registered,,notApplicable,,,01_Relatorios_Brutos/projectn_article__mobile__r02.report.json
projectn_article,Project N,interna,mobile,2,2026-08-20T23:36:02-03:00,https://projectn.com.br/call-of-duty-modern-warfare-4-ganha-novo-trailer-focado-no-multiplayer/,0.47,fraction,webmcp-schema-validity,WebMCP schemas are valid,,notApplicable,,,01_Relatorios_Brutos/projectn_article__mobile__r02.report.json
projectn_article,Project N,interna,mobile,2,2026-08-20T23:36:02-03:00,https://projectn.com.br/call-of-duty-modern-warfare-4-ganha-novo-trailer-focado-no-multiplayer/,0.47,fraction,cumulative-layout-shift,Cumulative Layout Shift,0.94,numeric,0.07871524790113972,0.079,01_Relatorios_Brutos/projectn_article__mobile__r02.report.json
projectn_article,Project N,interna,mobile,2,2026-08-20T23:36:02-03:00,https://projectn.com.br/call-of-duty-modern-warfare-4-ganha-novo-trailer-focado-no-multiplayer/,0.47,fraction,llms-txt,llms.txt follows recommendations,,notApplicable,,,01_Relatorios_Brutos/projectn_article__mobile__r02.report.json
boy_home,Nintendo Boy,inicial,mobile,2,2026-08-20T23:36:23-03:00,https://nintendoboy.com.br/,1,fraction,agent-accessibility-tree,Accessibility tree is well-formed,1,binary,,All audits passed,01_Relatorios_Brutos/boy_home__mobile__r02.report.json
boy_home,Nintendo Boy,inicial,mobile,2,2026-08-20T23:36:23-03:00,https://nintendoboy.com.br/,1,fraction,webmcp-form-coverage,WebMCP form coverage,,notApplicable,,,01_Relatorios_Brutos/boy_home__mobile__r02.report.json
boy_home,Nintendo Boy,inicial,mobile,2,2026-08-20T23:36:23-03:00,https://nintendoboy.com.br/,1,fraction,webmcp-registered-tools,WebMCP tools registered,,notApplicable,,,01_Relatorios_Brutos/boy_home__mobile__r02.report.json
boy_home,Nintendo Boy,inicial,mobile,2,2026-08-20T23:36:23-03:00,https://nintendoboy.com.br/,1,fraction,webmcp-schema-validity,WebMCP schemas are valid,,notApplicable,,,01_Relatorios_Brutos/boy_home__mobile__r02.report.json
boy_home,Nintendo Boy,inicial,mobile,2,2026-08-20T23:36:23-03:00,https://nintendoboy.com.br/,1,fraction,cumulative-layout-shift,Cumulative Layout Shift,1,numeric,0,0,01_Relatorios_Brutos/boy_home__mobile__r02.report.json
boy_home,Nintendo Boy,inicial,mobile,2,2026-08-20T23:36:23-03:00,https://nintendoboy.com.br/,1,fraction,llms-txt,llms.txt follows recommendations,,notApplicable,,,01_Relatorios_Brutos/boy_home__mobile__r02.report.json
boy_article,Nintendo Boy,interna,mobile,2,2026-08-20T23:36:46-03:00,https://nintendoboy.com.br/2026/08/sin-reloaded-remaster-do-fps-narrativo-de-1998-chega-as-plataformas-nintendo-em-setembro/,1,fraction,agent-accessibility-tree,Accessibility tree is well-formed,1,binary,,All audits passed,01_Relatorios_Brutos/boy_article__mobile__r02.report.json
boy_article,Nintendo Boy,interna,mobile,2,2026-08-20T23:36:46-03:00,https://nintendoboy.com.br/2026/08/sin-reloaded-remaster-do-fps-narrativo-de-1998-chega-as-plataformas-nintendo-em-setembro/,1,fraction,webmcp-form-coverage,WebMCP form coverage,,notApplicable,,,01_Relatorios_Brutos/boy_article__mobile__r02.report.json
boy_article,Nintendo Boy,interna,mobile,2,2026-08-20T23:36:46-03:00,https://nintendoboy.com.br/2026/08/sin-reloaded-remaster-do-fps-narrativo-de-1998-chega-as-plataformas-nintendo-em-setembro/,1,fraction,webmcp-registered-tools,WebMCP tools registered,,notApplicable,,,01_Relatorios_Brutos/boy_article__mobile__r02.report.json
boy_article,Nintendo Boy,interna,mobile,2,2026-08-20T23:36:46-03:00,https://nintendoboy.com.br/2026/08/sin-reloaded-remaster-do-fps-narrativo-de-1998-chega-as-plataformas-nintendo-em-setembro/,1,fraction,webmcp-schema-validity,WebMCP schemas are valid,,notApplicable,,,01_Relatorios_Brutos/boy_article__mobile__r02.report.json
boy_article,Nintendo Boy,interna,mobile,2,2026-08-20T23:36:46-03:00,https://nintendoboy.com.br/2026/08/sin-reloaded-remaster-do-fps-narrativo-de-1998-chega-as-plataformas-nintendo-em-setembro/,1,fraction,cumulative-layout-shift,Cumulative Layout Shift,1,numeric,0,0,01_Relatorios_Brutos/boy_article__mobile__r02.report.json
boy_article,Nintendo Boy,interna,mobile,2,2026-08-20T23:36:46-03:00,https://nintendoboy.com.br/2026/08/sin-reloaded-remaster-do-fps-narrativo-de-1998-chega-as-plataformas-nintendo-em-setembro/,1,fraction,llms-txt,llms.txt follows recommendations,,notApplicable,,,01_Relatorios_Brutos/boy_article__mobile__r02.report.json
nn_home,Nintendista News,inicial,mobile,2,2026-08-20T23:37:10-03:00,https://nintendista.news/,1,fraction,agent-accessibility-tree,Accessibility tree is well-formed,1,binary,,All audits passed,01_Relatorios_Brutos/nn_home__mobile__r02.report.json
nn_home,Nintendista News,inicial,mobile,2,2026-08-20T23:37:10-03:00,https://nintendista.news/,1,fraction,webmcp-form-coverage,WebMCP form coverage,,notApplicable,,,01_Relatorios_Brutos/nn_home__mobile__r02.report.json
nn_home,Nintendista News,inicial,mobile,2,2026-08-20T23:37:10-03:00,https://nintendista.news/,1,fraction,webmcp-registered-tools,WebMCP tools registered,,notApplicable,,,01_Relatorios_Brutos/nn_home__mobile__r02.report.json
nn_home,Nintendista News,inicial,mobile,2,2026-08-20T23:37:10-03:00,https://nintendista.news/,1,fraction,webmcp-schema-validity,WebMCP schemas are valid,,notApplicable,,,01_Relatorios_Brutos/nn_home__mobile__r02.report.json
nn_home,Nintendista News,inicial,mobile,2,2026-08-20T23:37:10-03:00,https://nintendista.news/,1,fraction,cumulative-layout-shift,Cumulative Layout Shift,1,numeric,0,0,01_Relatorios_Brutos/nn_home__mobile__r02.report.json
nn_home,Nintendista News,inicial,mobile,2,2026-08-20T23:37:10-03:00,https://nintendista.news/,1,fraction,llms-txt,llms.txt follows recommendations,1,binary,,,01_Relatorios_Brutos/nn_home__mobile__r02.report.json
universo_home,Universo Nintendo,inicial,desktop,2,2026-08-20T23:37:23-03:00,https://universonintendo.com/,0.47,fraction,agent-accessibility-tree,Accessibility tree is not well-formed,0,binary,,,01_Relatorios_Brutos/universo_home__desktop__r02.report.json
universo_home,Universo Nintendo,inicial,desktop,2,2026-08-20T23:37:23-03:00,https://universonintendo.com/,0.47,fraction,webmcp-form-coverage,WebMCP form coverage,,notApplicable,,,01_Relatorios_Brutos/universo_home__desktop__r02.report.json
universo_home,Universo Nintendo,inicial,desktop,2,2026-08-20T23:37:23-03:00,https://universonintendo.com/,0.47,fraction,webmcp-registered-tools,WebMCP tools registered,,notApplicable,,,01_Relatorios_Brutos/universo_home__desktop__r02.report.json
universo_home,Universo Nintendo,inicial,desktop,2,2026-08-20T23:37:23-03:00,https://universonintendo.com/,0.47,fraction,webmcp-schema-validity,WebMCP schemas are valid,,notApplicable,,,01_Relatorios_Brutos/universo_home__desktop__r02.report.json
universo_home,Universo Nintendo,inicial,desktop,2,2026-08-20T23:37:23-03:00,https://universonintendo.com/,0.47,fraction,cumulative-layout-shift,Cumulative Layout Shift,0.41,numeric,0.2896086888833973,0.29,01_Relatorios_Brutos/universo_home__desktop__r02.report.json
universo_home,Universo Nintendo,inicial,desktop,2,2026-08-20T23:37:23-03:00,https://universonintendo.com/,0.47,fraction,llms-txt,llms.txt follows recommendations,1,binary,,,01_Relatorios_Brutos/universo_home__desktop__r02.report.json
universo_article,Universo Nintendo,interna,desktop,2,2026-08-20T23:38:34-03:00,https://universonintendo.com/trails-in-the-sky-2nd-chapter-recebe-demo-gratuita-no-switch/,0.46,fraction,agent-accessibility-tree,Accessibility tree is not well-formed,0,binary,,,01_Relatorios_Brutos/universo_article__desktop__r02.report.json
universo_article,Universo Nintendo,interna,desktop,2,2026-08-20T23:38:34-03:00,https://universonintendo.com/trails-in-the-sky-2nd-chapter-recebe-demo-gratuita-no-switch/,0.46,fraction,webmcp-form-coverage,WebMCP form coverage,,notApplicable,,,01_Relatorios_Brutos/universo_article__desktop__r02.report.json
universo_article,Universo Nintendo,interna,desktop,2,2026-08-20T23:38:34-03:00,https://universonintendo.com/trails-in-the-sky-2nd-chapter-recebe-demo-gratuita-no-switch/,0.46,fraction,webmcp-registered-tools,WebMCP tools registered,,notApplicable,,,01_Relatorios_Brutos/universo_article__desktop__r02.report.json
universo_article,Universo Nintendo,interna,desktop,2,2026-08-20T23:38:34-03:00,https://universonintendo.com/trails-in-the-sky-2nd-chapter-recebe-demo-gratuita-no-switch/,0.46,fraction,webmcp-schema-validity,WebMCP schemas are valid,,notApplicable,,,01_Relatorios_Brutos/universo_article__desktop__r02.report.json
universo_article,Universo Nintendo,interna,desktop,2,2026-08-20T23:38:34-03:00,https://universonintendo.com/trails-in-the-sky-2nd-chapter-recebe-demo-gratuita-no-switch/,0.46,fraction,cumulative-layout-shift,Cumulative Layout Shift,0.39,numeric,0.3006831102042541,0.301,01_Relatorios_Brutos/universo_article__desktop__r02.report.json
universo_article,Universo Nintendo,interna,desktop,2,2026-08-20T23:38:34-03:00,https://universonintendo.com/trails-in-the-sky-2nd-chapter-recebe-demo-gratuita-no-switch/,0.46,fraction,llms-txt,llms.txt follows recommendations,1,binary,,,01_Relatorios_Brutos/universo_article__desktop__r02.report.json
casa_home,A Casa do Cogumelo,inicial,desktop,2,2026-08-20T23:39:10-03:00,https://www.acasadocogumelo.com/,0.33,fraction,agent-accessibility-tree,Accessibility tree is not well-formed,0,binary,,,01_Relatorios_Brutos/casa_home__desktop__r02.report.json
casa_home,A Casa do Cogumelo,inicial,desktop,2,2026-08-20T23:39:10-03:00,https://www.acasadocogumelo.com/,0.33,fraction,webmcp-form-coverage,WebMCP form coverage,,notApplicable,,,01_Relatorios_Brutos/casa_home__desktop__r02.report.json
casa_home,A Casa do Cogumelo,inicial,desktop,2,2026-08-20T23:39:10-03:00,https://www.acasadocogumelo.com/,0.33,fraction,webmcp-registered-tools,WebMCP tools registered,,notApplicable,,,01_Relatorios_Brutos/casa_home__desktop__r02.report.json
casa_home,A Casa do Cogumelo,inicial,desktop,2,2026-08-20T23:39:10-03:00,https://www.acasadocogumelo.com/,0.33,fraction,webmcp-schema-validity,WebMCP schemas are valid,,notApplicable,,,01_Relatorios_Brutos/casa_home__desktop__r02.report.json
casa_home,A Casa do Cogumelo,inicial,desktop,2,2026-08-20T23:39:10-03:00,https://www.acasadocogumelo.com/,0.33,fraction,cumulative-layout-shift,Cumulative Layout Shift,0.98,numeric,0.05828468798377775,0.058,01_Relatorios_Brutos/casa_home__desktop__r02.report.json
casa_home,A Casa do Cogumelo,inicial,desktop,2,2026-08-20T23:39:10-03:00,https://www.acasadocogumelo.com/,0.33,fraction,llms-txt,llms.txt does not follow recommendations,0,binary,,,01_Relatorios_Brutos/casa_home__desktop__r02.report.json
casa_article,A Casa do Cogumelo,interna,desktop,2,2026-08-20T23:39:41-03:00,https://www.acasadocogumelo.com/logitech-g-anuncia-lancamentos-que-contemplarao-mercado-brasileiro/,0.33,fraction,agent-accessibility-tree,Accessibility tree is not well-formed,0,binary,,,01_Relatorios_Brutos/casa_article__desktop__r02.report.json
casa_article,A Casa do Cogumelo,interna,desktop,2,2026-08-20T23:39:41-03:00,https://www.acasadocogumelo.com/logitech-g-anuncia-lancamentos-que-contemplarao-mercado-brasileiro/,0.33,fraction,webmcp-form-coverage,WebMCP form coverage,,notApplicable,,,01_Relatorios_Brutos/casa_article__desktop__r02.report.json
casa_article,A Casa do Cogumelo,interna,desktop,2,2026-08-20T23:39:41-03:00,https://www.acasadocogumelo.com/logitech-g-anuncia-lancamentos-que-contemplarao-mercado-brasileiro/,0.33,fraction,webmcp-registered-tools,WebMCP tools registered,,notApplicable,,,01_Relatorios_Brutos/casa_article__desktop__r02.report.json
casa_article,A Casa do Cogumelo,interna,desktop,2,2026-08-20T23:39:41-03:00,https://www.acasadocogumelo.com/logitech-g-anuncia-lancamentos-que-contemplarao-mercado-brasileiro/,0.33,fraction,webmcp-schema-validity,WebMCP schemas are valid,,notApplicable,,,01_Relatorios_Brutos/casa_article__desktop__r02.report.json
casa_article,A Casa do Cogumelo,interna,desktop,2,2026-08-20T23:39:41-03:00,https://www.acasadocogumelo.com/logitech-g-anuncia-lancamentos-que-contemplarao-mercado-brasileiro/,0.33,fraction,cumulative-layout-shift,Cumulative Layout Shift,1,numeric,0.0017832327333034287,0.002,01_Relatorios_Brutos/casa_article__desktop__r02.report.json
casa_article,A Casa do Cogumelo,interna,desktop,2,2026-08-20T23:39:41-03:00,https://www.acasadocogumelo.com/logitech-g-anuncia-lancamentos-que-contemplarao-mercado-brasileiro/,0.33,fraction,llms-txt,llms.txt does not follow recommendations,0,binary,,,01_Relatorios_Brutos/casa_article__desktop__r02.report.json
blast_home,Nintendo Blast,inicial,desktop,2,2026-08-20T23:40:43-03:00,https://www.nintendoblast.com.br/,0.5,fraction,agent-accessibility-tree,Accessibility tree is not well-formed,0,binary,,,01_Relatorios_Brutos/blast_home__desktop__r02.report.json
blast_home,Nintendo Blast,inicial,desktop,2,2026-08-20T23:40:43-03:00,https://www.nintendoblast.com.br/,0.5,fraction,webmcp-form-coverage,WebMCP form coverage,,notApplicable,,,01_Relatorios_Brutos/blast_home__desktop__r02.report.json
blast_home,Nintendo Blast,inicial,desktop,2,2026-08-20T23:40:43-03:00,https://www.nintendoblast.com.br/,0.5,fraction,webmcp-registered-tools,WebMCP tools registered,,notApplicable,,,01_Relatorios_Brutos/blast_home__desktop__r02.report.json
blast_home,Nintendo Blast,inicial,desktop,2,2026-08-20T23:40:43-03:00,https://www.nintendoblast.com.br/,0.5,fraction,webmcp-schema-validity,WebMCP schemas are valid,,notApplicable,,,01_Relatorios_Brutos/blast_home__desktop__r02.report.json
blast_home,Nintendo Blast,inicial,desktop,2,2026-08-20T23:40:43-03:00,https://www.nintendoblast.com.br/,0.5,fraction,cumulative-layout-shift,Cumulative Layout Shift,1,numeric,0.0334851591499151,0.033,01_Relatorios_Brutos/blast_home__desktop__r02.report.json
blast_home,Nintendo Blast,inicial,desktop,2,2026-08-20T23:40:43-03:00,https://www.nintendoblast.com.br/,0.5,fraction,llms-txt,llms.txt follows recommendations,,notApplicable,,,01_Relatorios_Brutos/blast_home__desktop__r02.report.json
blast_article,Nintendo Blast,interna,desktop,2,2026-08-20T23:41:01-03:00,https://www.nintendoblast.com.br/2026/08/nintendo-switch-online-recebe-icones-de-fire-emblem-three-houses.html,0.5,fraction,agent-accessibility-tree,Accessibility tree is not well-formed,0,binary,,,01_Relatorios_Brutos/blast_article__desktop__r02.report.json
blast_article,Nintendo Blast,interna,desktop,2,2026-08-20T23:41:01-03:00,https://www.nintendoblast.com.br/2026/08/nintendo-switch-online-recebe-icones-de-fire-emblem-three-houses.html,0.5,fraction,webmcp-form-coverage,WebMCP form coverage,,notApplicable,,,01_Relatorios_Brutos/blast_article__desktop__r02.report.json
blast_article,Nintendo Blast,interna,desktop,2,2026-08-20T23:41:01-03:00,https://www.nintendoblast.com.br/2026/08/nintendo-switch-online-recebe-icones-de-fire-emblem-three-houses.html,0.5,fraction,webmcp-registered-tools,WebMCP tools registered,,notApplicable,,,01_Relatorios_Brutos/blast_article__desktop__r02.report.json
blast_article,Nintendo Blast,interna,desktop,2,2026-08-20T23:41:01-03:00,https://www.nintendoblast.com.br/2026/08/nintendo-switch-online-recebe-icones-de-fire-emblem-three-houses.html,0.5,fraction,webmcp-schema-validity,WebMCP schemas are valid,,notApplicable,,,01_Relatorios_Brutos/blast_article__desktop__r02.report.json
blast_article,Nintendo Blast,interna,desktop,2,2026-08-20T23:41:01-03:00,https://www.nintendoblast.com.br/2026/08/nintendo-switch-online-recebe-icones-de-fire-emblem-three-houses.html,0.5,fraction,cumulative-layout-shift,Cumulative Layout Shift,1,numeric,0.017804271281320914,0.018,01_Relatorios_Brutos/blast_article__desktop__r02.report.json
blast_article,Nintendo Blast,interna,desktop,2,2026-08-20T23:41:01-03:00,https://www.nintendoblast.com.br/2026/08/nintendo-switch-online-recebe-icones-de-fire-emblem-three-houses.html,0.5,fraction,llms-txt,llms.txt follows recommendations,,notApplicable,,,01_Relatorios_Brutos/blast_article__desktop__r02.report.json
projectn_home,Project N,inicial,desktop,2,2026-08-20T23:41:28-03:00,https://projectn.com.br/,0.09,fraction,agent-accessibility-tree,Accessibility tree is not well-formed,0,binary,,,01_Relatorios_Brutos/projectn_home__desktop__r02.report.json
projectn_home,Project N,inicial,desktop,2,2026-08-20T23:41:28-03:00,https://projectn.com.br/,0.09,fraction,webmcp-form-coverage,WebMCP form coverage,,notApplicable,,,01_Relatorios_Brutos/projectn_home__desktop__r02.report.json
projectn_home,Project N,inicial,desktop,2,2026-08-20T23:41:28-03:00,https://projectn.com.br/,0.09,fraction,webmcp-registered-tools,WebMCP tools registered,,notApplicable,,,01_Relatorios_Brutos/projectn_home__desktop__r02.report.json
projectn_home,Project N,inicial,desktop,2,2026-08-20T23:41:28-03:00,https://projectn.com.br/,0.09,fraction,webmcp-schema-validity,WebMCP schemas are valid,,notApplicable,,,01_Relatorios_Brutos/projectn_home__desktop__r02.report.json
projectn_home,Project N,inicial,desktop,2,2026-08-20T23:41:28-03:00,https://projectn.com.br/,0.09,fraction,cumulative-layout-shift,Cumulative Layout Shift,0.17,numeric,0.48726250597657184,0.487,01_Relatorios_Brutos/projectn_home__desktop__r02.report.json
projectn_home,Project N,inicial,desktop,2,2026-08-20T23:41:28-03:00,https://projectn.com.br/,0.09,fraction,llms-txt,llms.txt follows recommendations,,notApplicable,,,01_Relatorios_Brutos/projectn_home__desktop__r02.report.json
projectn_article,Project N,interna,desktop,2,2026-08-20T23:41:48-03:00,https://projectn.com.br/call-of-duty-modern-warfare-4-ganha-novo-trailer-focado-no-multiplayer/,0.36,fraction,agent-accessibility-tree,Accessibility tree is not well-formed,0,binary,,,01_Relatorios_Brutos/projectn_article__desktop__r02.report.json
projectn_article,Project N,interna,desktop,2,2026-08-20T23:41:48-03:00,https://projectn.com.br/call-of-duty-modern-warfare-4-ganha-novo-trailer-focado-no-multiplayer/,0.36,fraction,webmcp-form-coverage,WebMCP form coverage,,notApplicable,,,01_Relatorios_Brutos/projectn_article__desktop__r02.report.json
projectn_article,Project N,interna,desktop,2,2026-08-20T23:41:48-03:00,https://projectn.com.br/call-of-duty-modern-warfare-4-ganha-novo-trailer-focado-no-multiplayer/,0.36,fraction,webmcp-registered-tools,WebMCP tools registered,,notApplicable,,,01_Relatorios_Brutos/projectn_article__desktop__r02.report.json
projectn_article,Project N,interna,desktop,2,2026-08-20T23:41:48-03:00,https://projectn.com.br/call-of-duty-modern-warfare-4-ganha-novo-trailer-focado-no-multiplayer/,0.36,fraction,webmcp-schema-validity,WebMCP schemas are valid,,notApplicable,,,01_Relatorios_Brutos/projectn_article__desktop__r02.report.json
projectn_article,Project N,interna,desktop,2,2026-08-20T23:41:48-03:00,https://projectn.com.br/call-of-duty-modern-warfare-4-ganha-novo-trailer-focado-no-multiplayer/,0.36,fraction,cumulative-layout-shift,Cumulative Layout Shift,0.72,numeric,0.1620665051425379,0.162,01_Relatorios_Brutos/projectn_article__desktop__r02.report.json
projectn_article,Project N,interna,desktop,2,2026-08-20T23:41:48-03:00,https://projectn.com.br/call-of-duty-modern-warfare-4-ganha-novo-trailer-focado-no-multiplayer/,0.36,fraction,llms-txt,llms.txt follows recommendations,,notApplicable,,,01_Relatorios_Brutos/projectn_article__desktop__r02.report.json
boy_home,Nintendo Boy,inicial,desktop,2,2026-08-20T23:42:09-03:00,https://nintendoboy.com.br/,0.8,fraction,agent-accessibility-tree,Accessibility tree is well-formed,1,binary,,All audits passed,01_Relatorios_Brutos/boy_home__desktop__r02.report.json
boy_home,Nintendo Boy,inicial,desktop,2,2026-08-20T23:42:09-03:00,https://nintendoboy.com.br/,0.8,fraction,webmcp-form-coverage,WebMCP form coverage,,notApplicable,,,01_Relatorios_Brutos/boy_home__desktop__r02.report.json
boy_home,Nintendo Boy,inicial,desktop,2,2026-08-20T23:42:09-03:00,https://nintendoboy.com.br/,0.8,fraction,webmcp-registered-tools,WebMCP tools registered,,notApplicable,,,01_Relatorios_Brutos/boy_home__desktop__r02.report.json
boy_home,Nintendo Boy,inicial,desktop,2,2026-08-20T23:42:09-03:00,https://nintendoboy.com.br/,0.8,fraction,webmcp-schema-validity,WebMCP schemas are valid,,notApplicable,,,01_Relatorios_Brutos/boy_home__desktop__r02.report.json
boy_home,Nintendo Boy,inicial,desktop,2,2026-08-20T23:42:09-03:00,https://nintendoboy.com.br/,0.8,fraction,cumulative-layout-shift,Cumulative Layout Shift,0.6,numeric,0.20582274310545362,0.206,01_Relatorios_Brutos/boy_home__desktop__r02.report.json
boy_home,Nintendo Boy,inicial,desktop,2,2026-08-20T23:42:09-03:00,https://nintendoboy.com.br/,0.8,fraction,llms-txt,llms.txt follows recommendations,,notApplicable,,,01_Relatorios_Brutos/boy_home__desktop__r02.report.json
boy_article,Nintendo Boy,interna,desktop,2,2026-08-20T23:42:26-03:00,https://nintendoboy.com.br/2026/08/sin-reloaded-remaster-do-fps-narrativo-de-1998-chega-as-plataformas-nintendo-em-setembro/,0.31,fraction,agent-accessibility-tree,Accessibility tree is not well-formed,0,binary,,,01_Relatorios_Brutos/boy_article__desktop__r02.report.json
boy_article,Nintendo Boy,interna,desktop,2,2026-08-20T23:42:26-03:00,https://nintendoboy.com.br/2026/08/sin-reloaded-remaster-do-fps-narrativo-de-1998-chega-as-plataformas-nintendo-em-setembro/,0.31,fraction,webmcp-form-coverage,WebMCP form coverage,,notApplicable,,,01_Relatorios_Brutos/boy_article__desktop__r02.report.json
boy_article,Nintendo Boy,interna,desktop,2,2026-08-20T23:42:26-03:00,https://nintendoboy.com.br/2026/08/sin-reloaded-remaster-do-fps-narrativo-de-1998-chega-as-plataformas-nintendo-em-setembro/,0.31,fraction,webmcp-registered-tools,WebMCP tools registered,,notApplicable,,,01_Relatorios_Brutos/boy_article__desktop__r02.report.json
boy_article,Nintendo Boy,interna,desktop,2,2026-08-20T23:42:26-03:00,https://nintendoboy.com.br/2026/08/sin-reloaded-remaster-do-fps-narrativo-de-1998-chega-as-plataformas-nintendo-em-setembro/,0.31,fraction,webmcp-schema-validity,WebMCP schemas are valid,,notApplicable,,,01_Relatorios_Brutos/boy_article__desktop__r02.report.json
boy_article,Nintendo Boy,interna,desktop,2,2026-08-20T23:42:26-03:00,https://nintendoboy.com.br/2026/08/sin-reloaded-remaster-do-fps-narrativo-de-1998-chega-as-plataformas-nintendo-em-setembro/,0.31,fraction,cumulative-layout-shift,Cumulative Layout Shift,0.61,numeric,0.20225564882104102,0.202,01_Relatorios_Brutos/boy_article__desktop__r02.report.json
boy_article,Nintendo Boy,interna,desktop,2,2026-08-20T23:42:26-03:00,https://nintendoboy.com.br/2026/08/sin-reloaded-remaster-do-fps-narrativo-de-1998-chega-as-plataformas-nintendo-em-setembro/,0.31,fraction,llms-txt,llms.txt follows recommendations,,notApplicable,,,01_Relatorios_Brutos/boy_article__desktop__r02.report.json
nn_home,Nintendista News,inicial,desktop,2,2026-08-20T23:42:52-03:00,https://nintendista.news/,1,fraction,agent-accessibility-tree,Accessibility tree is well-formed,1,binary,,All audits passed,01_Relatorios_Brutos/nn_home__desktop__r02.report.json
nn_home,Nintendista News,inicial,desktop,2,2026-08-20T23:42:52-03:00,https://nintendista.news/,1,fraction,webmcp-form-coverage,WebMCP form coverage,,notApplicable,,,01_Relatorios_Brutos/nn_home__desktop__r02.report.json
nn_home,Nintendista News,inicial,desktop,2,2026-08-20T23:42:52-03:00,https://nintendista.news/,1,fraction,webmcp-registered-tools,WebMCP tools registered,,notApplicable,,,01_Relatorios_Brutos/nn_home__desktop__r02.report.json
nn_home,Nintendista News,inicial,desktop,2,2026-08-20T23:42:52-03:00,https://nintendista.news/,1,fraction,webmcp-schema-validity,WebMCP schemas are valid,,notApplicable,,,01_Relatorios_Brutos/nn_home__desktop__r02.report.json
nn_home,Nintendista News,inicial,desktop,2,2026-08-20T23:42:52-03:00,https://nintendista.news/,1,fraction,cumulative-layout-shift,Cumulative Layout Shift,1,numeric,0,0,01_Relatorios_Brutos/nn_home__desktop__r02.report.json
nn_home,Nintendista News,inicial,desktop,2,2026-08-20T23:42:52-03:00,https://nintendista.news/,1,fraction,llms-txt,llms.txt follows recommendations,1,binary,,,01_Relatorios_Brutos/nn_home__desktop__r02.report.json
nn_article,Nintendista News,interna,desktop,2,2026-08-20T23:43:04-03:00,https://nintendista.news/noticias/nintendista-news-no-ar/,1,fraction,agent-accessibility-tree,Accessibility tree is well-formed,1,binary,,All audits passed,01_Relatorios_Brutos/nn_article__desktop__r02.report.json
nn_article,Nintendista News,interna,desktop,2,2026-08-20T23:43:04-03:00,https://nintendista.news/noticias/nintendista-news-no-ar/,1,fraction,webmcp-form-coverage,WebMCP form coverage,,notApplicable,,,01_Relatorios_Brutos/nn_article__desktop__r02.report.json
nn_article,Nintendista News,interna,desktop,2,2026-08-20T23:43:04-03:00,https://nintendista.news/noticias/nintendista-news-no-ar/,1,fraction,webmcp-registered-tools,WebMCP tools registered,,notApplicable,,,01_Relatorios_Brutos/nn_article__desktop__r02.report.json
nn_article,Nintendista News,interna,desktop,2,2026-08-20T23:43:04-03:00,https://nintendista.news/noticias/nintendista-news-no-ar/,1,fraction,webmcp-schema-validity,WebMCP schemas are valid,,notApplicable,,,01_Relatorios_Brutos/nn_article__desktop__r02.report.json
nn_article,Nintendista News,interna,desktop,2,2026-08-20T23:43:04-03:00,https://nintendista.news/noticias/nintendista-news-no-ar/,1,fraction,cumulative-layout-shift,Cumulative Layout Shift,1,numeric,0,0,01_Relatorios_Brutos/nn_article__desktop__r02.report.json
nn_article,Nintendista News,interna,desktop,2,2026-08-20T23:43:04-03:00,https://nintendista.news/noticias/nintendista-news-no-ar/,1,fraction,llms-txt,llms.txt follows recommendations,1,binary,,,01_Relatorios_Brutos/nn_article__desktop__r02.report.json
coelho_home,Coelho News,inicial,desktop,2,2026-08-20T23:43:15-03:00,https://coelhonews.com/,1,fraction,agent-accessibility-tree,Accessibility tree is well-formed,1,binary,,All audits passed,01_Relatorios_Brutos/coelho_home__desktop__r02.report.json
coelho_home,Coelho News,inicial,desktop,2,2026-08-20T23:43:15-03:00,https://coelhonews.com/,1,fraction,webmcp-form-coverage,WebMCP form coverage,,notApplicable,,,01_Relatorios_Brutos/coelho_home__desktop__r02.report.json
coelho_home,Coelho News,inicial,desktop,2,2026-08-20T23:43:15-03:00,https://coelhonews.com/,1,fraction,webmcp-registered-tools,WebMCP tools registered,,notApplicable,,,01_Relatorios_Brutos/coelho_home__desktop__r02.report.json
coelho_home,Coelho News,inicial,desktop,2,2026-08-20T23:43:15-03:00,https://coelhonews.com/,1,fraction,webmcp-schema-validity,WebMCP schemas are valid,,notApplicable,,,01_Relatorios_Brutos/coelho_home__desktop__r02.report.json
coelho_home,Coelho News,inicial,desktop,2,2026-08-20T23:43:15-03:00,https://coelhonews.com/,1,fraction,cumulative-layout-shift,Cumulative Layout Shift,1,numeric,0,0,01_Relatorios_Brutos/coelho_home__desktop__r02.report.json
coelho_home,Coelho News,inicial,desktop,2,2026-08-20T23:43:15-03:00,https://coelhonews.com/,1,fraction,llms-txt,llms.txt follows recommendations,,notApplicable,,,01_Relatorios_Brutos/coelho_home__desktop__r02.report.json
coelho_article,Coelho News,interna,desktop,2,2026-08-20T23:43:33-03:00,https://coelhonews.com/noticias/the-binding-of-isaac-repentance-online-chega-ao-switch-2-em-novembro,0.5,fraction,agent-accessibility-tree,Accessibility tree is not well-formed,0,binary,,,01_Relatorios_Brutos/coelho_article__desktop__r02.report.json
coelho_article,Coelho News,interna,desktop,2,2026-08-20T23:43:33-03:00,https://coelhonews.com/noticias/the-binding-of-isaac-repentance-online-chega-ao-switch-2-em-novembro,0.5,fraction,webmcp-form-coverage,WebMCP form coverage,,notApplicable,,,01_Relatorios_Brutos/coelho_article__desktop__r02.report.json
coelho_article,Coelho News,interna,desktop,2,2026-08-20T23:43:33-03:00,https://coelhonews.com/noticias/the-binding-of-isaac-repentance-online-chega-ao-switch-2-em-novembro,0.5,fraction,webmcp-registered-tools,WebMCP tools registered,,notApplicable,,,01_Relatorios_Brutos/coelho_article__desktop__r02.report.json
coelho_article,Coelho News,interna,desktop,2,2026-08-20T23:43:33-03:00,https://coelhonews.com/noticias/the-binding-of-isaac-repentance-online-chega-ao-switch-2-em-novembro,0.5,fraction,webmcp-schema-validity,WebMCP schemas are valid,,notApplicable,,,01_Relatorios_Brutos/coelho_article__desktop__r02.report.json
coelho_article,Coelho News,interna,desktop,2,2026-08-20T23:43:33-03:00,https://coelhonews.com/noticias/the-binding-of-isaac-repentance-online-chega-ao-switch-2-em-novembro,0.5,fraction,cumulative-layout-shift,Cumulative Layout Shift,1,numeric,0,0,01_Relatorios_Brutos/coelho_article__desktop__r02.report.json
coelho_article,Coelho News,interna,desktop,2,2026-08-20T23:43:33-03:00,https://coelhonews.com/noticias/the-binding-of-isaac-repentance-online-chega-ao-switch-2-em-novembro,0.5,fraction,llms-txt,llms.txt follows recommendations,,notApplicable,,,01_Relatorios_Brutos/coelho_article__desktop__r02.report.json
coelho_home,Coelho News,inicial,mobile,3,2026-08-20T23:43:48-03:00,https://coelhonews.com/,0.5,fraction,agent-accessibility-tree,Accessibility tree is not well-formed,0,binary,,,01_Relatorios_Brutos/coelho_home__mobile__r03.report.json
coelho_home,Coelho News,inicial,mobile,3,2026-08-20T23:43:48-03:00,https://coelhonews.com/,0.5,fraction,webmcp-form-coverage,WebMCP form coverage,,notApplicable,,,01_Relatorios_Brutos/coelho_home__mobile__r03.report.json
coelho_home,Coelho News,inicial,mobile,3,2026-08-20T23:43:48-03:00,https://coelhonews.com/,0.5,fraction,webmcp-registered-tools,WebMCP tools registered,,notApplicable,,,01_Relatorios_Brutos/coelho_home__mobile__r03.report.json
coelho_home,Coelho News,inicial,mobile,3,2026-08-20T23:43:48-03:00,https://coelhonews.com/,0.5,fraction,webmcp-schema-validity,WebMCP schemas are valid,,notApplicable,,,01_Relatorios_Brutos/coelho_home__mobile__r03.report.json
coelho_home,Coelho News,inicial,mobile,3,2026-08-20T23:43:48-03:00,https://coelhonews.com/,0.5,fraction,cumulative-layout-shift,Cumulative Layout Shift,1,numeric,0,0,01_Relatorios_Brutos/coelho_home__mobile__r03.report.json
coelho_home,Coelho News,inicial,mobile,3,2026-08-20T23:43:48-03:00,https://coelhonews.com/,0.5,fraction,llms-txt,llms.txt follows recommendations,,notApplicable,,,01_Relatorios_Brutos/coelho_home__mobile__r03.report.json
coelho_article,Coelho News,interna,mobile,3,2026-08-20T23:44:07-03:00,https://coelhonews.com/noticias/the-binding-of-isaac-repentance-online-chega-ao-switch-2-em-novembro,0.5,fraction,agent-accessibility-tree,Accessibility tree is not well-formed,0,binary,,,01_Relatorios_Brutos/coelho_article__mobile__r03.report.json
coelho_article,Coelho News,interna,mobile,3,2026-08-20T23:44:07-03:00,https://coelhonews.com/noticias/the-binding-of-isaac-repentance-online-chega-ao-switch-2-em-novembro,0.5,fraction,webmcp-form-coverage,WebMCP form coverage,,notApplicable,,,01_Relatorios_Brutos/coelho_article__mobile__r03.report.json
coelho_article,Coelho News,interna,mobile,3,2026-08-20T23:44:07-03:00,https://coelhonews.com/noticias/the-binding-of-isaac-repentance-online-chega-ao-switch-2-em-novembro,0.5,fraction,webmcp-registered-tools,WebMCP tools registered,,notApplicable,,,01_Relatorios_Brutos/coelho_article__mobile__r03.report.json
coelho_article,Coelho News,interna,mobile,3,2026-08-20T23:44:07-03:00,https://coelhonews.com/noticias/the-binding-of-isaac-repentance-online-chega-ao-switch-2-em-novembro,0.5,fraction,webmcp-schema-validity,WebMCP schemas are valid,,notApplicable,,,01_Relatorios_Brutos/coelho_article__mobile__r03.report.json
coelho_article,Coelho News,interna,mobile,3,2026-08-20T23:44:07-03:00,https://coelhonews.com/noticias/the-binding-of-isaac-repentance-online-chega-ao-switch-2-em-novembro,0.5,fraction,cumulative-layout-shift,Cumulative Layout Shift,1,numeric,0,0,01_Relatorios_Brutos/coelho_article__mobile__r03.report.json
coelho_article,Coelho News,interna,mobile,3,2026-08-20T23:44:07-03:00,https://coelhonews.com/noticias/the-binding-of-isaac-repentance-online-chega-ao-switch-2-em-novembro,0.5,fraction,llms-txt,llms.txt follows recommendations,,notApplicable,,,01_Relatorios_Brutos/coelho_article__mobile__r03.report.json
universo_home,Universo Nintendo,inicial,mobile,3,2026-08-20T23:44:22-03:00,https://universonintendo.com/,0.53,fraction,agent-accessibility-tree,Accessibility tree is not well-formed,0,binary,,,01_Relatorios_Brutos/universo_home__mobile__r03.report.json
universo_home,Universo Nintendo,inicial,mobile,3,2026-08-20T23:44:22-03:00,https://universonintendo.com/,0.53,fraction,webmcp-form-coverage,WebMCP form coverage,,notApplicable,,,01_Relatorios_Brutos/universo_home__mobile__r03.report.json
universo_home,Universo Nintendo,inicial,mobile,3,2026-08-20T23:44:22-03:00,https://universonintendo.com/,0.53,fraction,webmcp-registered-tools,WebMCP tools registered,,notApplicable,,,01_Relatorios_Brutos/universo_home__mobile__r03.report.json
universo_home,Universo Nintendo,inicial,mobile,3,2026-08-20T23:44:22-03:00,https://universonintendo.com/,0.53,fraction,webmcp-schema-validity,WebMCP schemas are valid,,notApplicable,,,01_Relatorios_Brutos/universo_home__mobile__r03.report.json
universo_home,Universo Nintendo,inicial,mobile,3,2026-08-20T23:44:22-03:00,https://universonintendo.com/,0.53,fraction,cumulative-layout-shift,Cumulative Layout Shift,0.6,numeric,0.207941646920463,0.208,01_Relatorios_Brutos/universo_home__mobile__r03.report.json
universo_home,Universo Nintendo,inicial,mobile,3,2026-08-20T23:44:22-03:00,https://universonintendo.com/,0.53,fraction,llms-txt,llms.txt follows recommendations,1,binary,,,01_Relatorios_Brutos/universo_home__mobile__r03.report.json
universo_article,Universo Nintendo,interna,mobile,3,2026-08-20T23:45:09-03:00,https://universonintendo.com/trails-in-the-sky-2nd-chapter-recebe-demo-gratuita-no-switch/,0.42,fraction,agent-accessibility-tree,Accessibility tree is not well-formed,0,binary,,,01_Relatorios_Brutos/universo_article__mobile__r03.report.json
universo_article,Universo Nintendo,interna,mobile,3,2026-08-20T23:45:09-03:00,https://universonintendo.com/trails-in-the-sky-2nd-chapter-recebe-demo-gratuita-no-switch/,0.42,fraction,webmcp-form-coverage,WebMCP form coverage,,notApplicable,,,01_Relatorios_Brutos/universo_article__mobile__r03.report.json
universo_article,Universo Nintendo,interna,mobile,3,2026-08-20T23:45:09-03:00,https://universonintendo.com/trails-in-the-sky-2nd-chapter-recebe-demo-gratuita-no-switch/,0.42,fraction,webmcp-registered-tools,WebMCP tools registered,,notApplicable,,,01_Relatorios_Brutos/universo_article__mobile__r03.report.json
universo_article,Universo Nintendo,interna,mobile,3,2026-08-20T23:45:09-03:00,https://universonintendo.com/trails-in-the-sky-2nd-chapter-recebe-demo-gratuita-no-switch/,0.42,fraction,webmcp-schema-validity,WebMCP schemas are valid,,notApplicable,,,01_Relatorios_Brutos/universo_article__mobile__r03.report.json
universo_article,Universo Nintendo,interna,mobile,3,2026-08-20T23:45:09-03:00,https://universonintendo.com/trails-in-the-sky-2nd-chapter-recebe-demo-gratuita-no-switch/,0.42,fraction,cumulative-layout-shift,Cumulative Layout Shift,0.27,numeric,0.381437183435845,0.381,01_Relatorios_Brutos/universo_article__mobile__r03.report.json
universo_article,Universo Nintendo,interna,mobile,3,2026-08-20T23:45:09-03:00,https://universonintendo.com/trails-in-the-sky-2nd-chapter-recebe-demo-gratuita-no-switch/,0.42,fraction,llms-txt,llms.txt follows recommendations,1,binary,,,01_Relatorios_Brutos/universo_article__mobile__r03.report.json
casa_home,A Casa do Cogumelo,inicial,mobile,3,2026-08-20T23:45:47-03:00,https://www.acasadocogumelo.com/,0.06,fraction,agent-accessibility-tree,Accessibility tree is not well-formed,0,binary,,,01_Relatorios_Brutos/casa_home__mobile__r03.report.json
casa_home,A Casa do Cogumelo,inicial,mobile,3,2026-08-20T23:45:47-03:00,https://www.acasadocogumelo.com/,0.06,fraction,webmcp-form-coverage,WebMCP form coverage,,notApplicable,,,01_Relatorios_Brutos/casa_home__mobile__r03.report.json
casa_home,A Casa do Cogumelo,inicial,mobile,3,2026-08-20T23:45:47-03:00,https://www.acasadocogumelo.com/,0.06,fraction,webmcp-registered-tools,WebMCP tools registered,,notApplicable,,,01_Relatorios_Brutos/casa_home__mobile__r03.report.json
casa_home,A Casa do Cogumelo,inicial,mobile,3,2026-08-20T23:45:47-03:00,https://www.acasadocogumelo.com/,0.06,fraction,webmcp-schema-validity,WebMCP schemas are valid,,notApplicable,,,01_Relatorios_Brutos/casa_home__mobile__r03.report.json
casa_home,A Casa do Cogumelo,inicial,mobile,3,2026-08-20T23:45:47-03:00,https://www.acasadocogumelo.com/,0.06,fraction,cumulative-layout-shift,Cumulative Layout Shift,0.19,numeric,0.4618315657846618,0.462,01_Relatorios_Brutos/casa_home__mobile__r03.report.json
casa_home,A Casa do Cogumelo,inicial,mobile,3,2026-08-20T23:45:47-03:00,https://www.acasadocogumelo.com/,0.06,fraction,llms-txt,llms.txt does not follow recommendations,0,binary,,,01_Relatorios_Brutos/casa_home__mobile__r03.report.json
casa_article,A Casa do Cogumelo,interna,mobile,3,2026-08-20T23:46:13-03:00,https://www.acasadocogumelo.com/logitech-g-anuncia-lancamentos-que-contemplarao-mercado-brasileiro/,0.33,fraction,agent-accessibility-tree,Accessibility tree is not well-formed,0,binary,,,01_Relatorios_Brutos/casa_article__mobile__r03.report.json
casa_article,A Casa do Cogumelo,interna,mobile,3,2026-08-20T23:46:13-03:00,https://www.acasadocogumelo.com/logitech-g-anuncia-lancamentos-que-contemplarao-mercado-brasileiro/,0.33,fraction,webmcp-form-coverage,WebMCP form coverage,,notApplicable,,,01_Relatorios_Brutos/casa_article__mobile__r03.report.json
casa_article,A Casa do Cogumelo,interna,mobile,3,2026-08-20T23:46:13-03:00,https://www.acasadocogumelo.com/logitech-g-anuncia-lancamentos-que-contemplarao-mercado-brasileiro/,0.33,fraction,webmcp-registered-tools,WebMCP tools registered,,notApplicable,,,01_Relatorios_Brutos/casa_article__mobile__r03.report.json
casa_article,A Casa do Cogumelo,interna,mobile,3,2026-08-20T23:46:13-03:00,https://www.acasadocogumelo.com/logitech-g-anuncia-lancamentos-que-contemplarao-mercado-brasileiro/,0.33,fraction,webmcp-schema-validity,WebMCP schemas are valid,,notApplicable,,,01_Relatorios_Brutos/casa_article__mobile__r03.report.json
casa_article,A Casa do Cogumelo,interna,mobile,3,2026-08-20T23:46:13-03:00,https://www.acasadocogumelo.com/logitech-g-anuncia-lancamentos-que-contemplarao-mercado-brasileiro/,0.33,fraction,cumulative-layout-shift,Cumulative Layout Shift,1,numeric,0.002073907156726277,0.002,01_Relatorios_Brutos/casa_article__mobile__r03.report.json
casa_article,A Casa do Cogumelo,interna,mobile,3,2026-08-20T23:46:13-03:00,https://www.acasadocogumelo.com/logitech-g-anuncia-lancamentos-que-contemplarao-mercado-brasileiro/,0.33,fraction,llms-txt,llms.txt does not follow recommendations,0,binary,,,01_Relatorios_Brutos/casa_article__mobile__r03.report.json
blast_home,Nintendo Blast,inicial,mobile,3,2026-08-20T23:47:14-03:00,https://www.nintendoblast.com.br/,0.5,fraction,agent-accessibility-tree,Accessibility tree is not well-formed,0,binary,,,01_Relatorios_Brutos/blast_home__mobile__r03.report.json
blast_home,Nintendo Blast,inicial,mobile,3,2026-08-20T23:47:14-03:00,https://www.nintendoblast.com.br/,0.5,fraction,webmcp-form-coverage,WebMCP form coverage,,notApplicable,,,01_Relatorios_Brutos/blast_home__mobile__r03.report.json
blast_home,Nintendo Blast,inicial,mobile,3,2026-08-20T23:47:14-03:00,https://www.nintendoblast.com.br/,0.5,fraction,webmcp-registered-tools,WebMCP tools registered,,notApplicable,,,01_Relatorios_Brutos/blast_home__mobile__r03.report.json
blast_home,Nintendo Blast,inicial,mobile,3,2026-08-20T23:47:14-03:00,https://www.nintendoblast.com.br/,0.5,fraction,webmcp-schema-validity,WebMCP schemas are valid,,notApplicable,,,01_Relatorios_Brutos/blast_home__mobile__r03.report.json
blast_home,Nintendo Blast,inicial,mobile,3,2026-08-20T23:47:14-03:00,https://www.nintendoblast.com.br/,0.5,fraction,cumulative-layout-shift,Cumulative Layout Shift,1,numeric,0.005081725424424467,0.005,01_Relatorios_Brutos/blast_home__mobile__r03.report.json
blast_home,Nintendo Blast,inicial,mobile,3,2026-08-20T23:47:14-03:00,https://www.nintendoblast.com.br/,0.5,fraction,llms-txt,llms.txt follows recommendations,,notApplicable,,,01_Relatorios_Brutos/blast_home__mobile__r03.report.json
blast_article,Nintendo Blast,interna,mobile,3,2026-08-20T23:47:31-03:00,https://www.nintendoblast.com.br/2026/08/nintendo-switch-online-recebe-icones-de-fire-emblem-three-houses.html,0.5,fraction,agent-accessibility-tree,Accessibility tree is not well-formed,0,binary,,,01_Relatorios_Brutos/blast_article__mobile__r03.report.json
blast_article,Nintendo Blast,interna,mobile,3,2026-08-20T23:47:31-03:00,https://www.nintendoblast.com.br/2026/08/nintendo-switch-online-recebe-icones-de-fire-emblem-three-houses.html,0.5,fraction,webmcp-form-coverage,WebMCP form coverage,,notApplicable,,,01_Relatorios_Brutos/blast_article__mobile__r03.report.json
blast_article,Nintendo Blast,interna,mobile,3,2026-08-20T23:47:31-03:00,https://www.nintendoblast.com.br/2026/08/nintendo-switch-online-recebe-icones-de-fire-emblem-three-houses.html,0.5,fraction,webmcp-registered-tools,WebMCP tools registered,,notApplicable,,,01_Relatorios_Brutos/blast_article__mobile__r03.report.json
blast_article,Nintendo Blast,interna,mobile,3,2026-08-20T23:47:31-03:00,https://www.nintendoblast.com.br/2026/08/nintendo-switch-online-recebe-icones-de-fire-emblem-three-houses.html,0.5,fraction,webmcp-schema-validity,WebMCP schemas are valid,,notApplicable,,,01_Relatorios_Brutos/blast_article__mobile__r03.report.json
blast_article,Nintendo Blast,interna,mobile,3,2026-08-20T23:47:31-03:00,https://www.nintendoblast.com.br/2026/08/nintendo-switch-online-recebe-icones-de-fire-emblem-three-houses.html,0.5,fraction,cumulative-layout-shift,Cumulative Layout Shift,1,numeric,0.0053696209670632735,0.005,01_Relatorios_Brutos/blast_article__mobile__r03.report.json
blast_article,Nintendo Blast,interna,mobile,3,2026-08-20T23:47:31-03:00,https://www.nintendoblast.com.br/2026/08/nintendo-switch-online-recebe-icones-de-fire-emblem-three-houses.html,0.5,fraction,llms-txt,llms.txt follows recommendations,,notApplicable,,,01_Relatorios_Brutos/blast_article__mobile__r03.report.json
projectn_home,Project N,inicial,mobile,3,2026-08-20T23:47:55-03:00,https://projectn.com.br/,0.02,fraction,agent-accessibility-tree,Accessibility tree is not well-formed,0,binary,,,01_Relatorios_Brutos/projectn_home__mobile__r03.report.json
projectn_home,Project N,inicial,mobile,3,2026-08-20T23:47:55-03:00,https://projectn.com.br/,0.02,fraction,webmcp-form-coverage,WebMCP form coverage,,notApplicable,,,01_Relatorios_Brutos/projectn_home__mobile__r03.report.json
projectn_home,Project N,inicial,mobile,3,2026-08-20T23:47:55-03:00,https://projectn.com.br/,0.02,fraction,webmcp-registered-tools,WebMCP tools registered,,notApplicable,,,01_Relatorios_Brutos/projectn_home__mobile__r03.report.json
projectn_home,Project N,inicial,mobile,3,2026-08-20T23:47:55-03:00,https://projectn.com.br/,0.02,fraction,webmcp-schema-validity,WebMCP schemas are valid,,notApplicable,,,01_Relatorios_Brutos/projectn_home__mobile__r03.report.json
projectn_home,Project N,inicial,mobile,3,2026-08-20T23:47:55-03:00,https://projectn.com.br/,0.02,fraction,cumulative-layout-shift,Cumulative Layout Shift,0.03,numeric,0.917732378126693,0.918,01_Relatorios_Brutos/projectn_home__mobile__r03.report.json
projectn_home,Project N,inicial,mobile,3,2026-08-20T23:47:55-03:00,https://projectn.com.br/,0.02,fraction,llms-txt,llms.txt follows recommendations,,notApplicable,,,01_Relatorios_Brutos/projectn_home__mobile__r03.report.json
projectn_article,Project N,interna,mobile,3,2026-08-20T23:48:16-03:00,https://projectn.com.br/call-of-duty-modern-warfare-4-ganha-novo-trailer-focado-no-multiplayer/,0.47,fraction,agent-accessibility-tree,Accessibility tree is not well-formed,0,binary,,,01_Relatorios_Brutos/projectn_article__mobile__r03.report.json
projectn_article,Project N,interna,mobile,3,2026-08-20T23:48:16-03:00,https://projectn.com.br/call-of-duty-modern-warfare-4-ganha-novo-trailer-focado-no-multiplayer/,0.47,fraction,webmcp-form-coverage,WebMCP form coverage,,notApplicable,,,01_Relatorios_Brutos/projectn_article__mobile__r03.report.json
projectn_article,Project N,interna,mobile,3,2026-08-20T23:48:16-03:00,https://projectn.com.br/call-of-duty-modern-warfare-4-ganha-novo-trailer-focado-no-multiplayer/,0.47,fraction,webmcp-registered-tools,WebMCP tools registered,,notApplicable,,,01_Relatorios_Brutos/projectn_article__mobile__r03.report.json
projectn_article,Project N,interna,mobile,3,2026-08-20T23:48:16-03:00,https://projectn.com.br/call-of-duty-modern-warfare-4-ganha-novo-trailer-focado-no-multiplayer/,0.47,fraction,webmcp-schema-validity,WebMCP schemas are valid,,notApplicable,,,01_Relatorios_Brutos/projectn_article__mobile__r03.report.json
projectn_article,Project N,interna,mobile,3,2026-08-20T23:48:16-03:00,https://projectn.com.br/call-of-duty-modern-warfare-4-ganha-novo-trailer-focado-no-multiplayer/,0.47,fraction,cumulative-layout-shift,Cumulative Layout Shift,0.94,numeric,0.07871524790113972,0.079,01_Relatorios_Brutos/projectn_article__mobile__r03.report.json
projectn_article,Project N,interna,mobile,3,2026-08-20T23:48:16-03:00,https://projectn.com.br/call-of-duty-modern-warfare-4-ganha-novo-trailer-focado-no-multiplayer/,0.47,fraction,llms-txt,llms.txt follows recommendations,,notApplicable,,,01_Relatorios_Brutos/projectn_article__mobile__r03.report.json
boy_home,Nintendo Boy,inicial,mobile,3,2026-08-20T23:48:35-03:00,https://nintendoboy.com.br/,1,fraction,agent-accessibility-tree,Accessibility tree is well-formed,1,binary,,All audits passed,01_Relatorios_Brutos/boy_home__mobile__r03.report.json
boy_home,Nintendo Boy,inicial,mobile,3,2026-08-20T23:48:35-03:00,https://nintendoboy.com.br/,1,fraction,webmcp-form-coverage,WebMCP form coverage,,notApplicable,,,01_Relatorios_Brutos/boy_home__mobile__r03.report.json
boy_home,Nintendo Boy,inicial,mobile,3,2026-08-20T23:48:35-03:00,https://nintendoboy.com.br/,1,fraction,webmcp-registered-tools,WebMCP tools registered,,notApplicable,,,01_Relatorios_Brutos/boy_home__mobile__r03.report.json
boy_home,Nintendo Boy,inicial,mobile,3,2026-08-20T23:48:35-03:00,https://nintendoboy.com.br/,1,fraction,webmcp-schema-validity,WebMCP schemas are valid,,notApplicable,,,01_Relatorios_Brutos/boy_home__mobile__r03.report.json
boy_home,Nintendo Boy,inicial,mobile,3,2026-08-20T23:48:35-03:00,https://nintendoboy.com.br/,1,fraction,cumulative-layout-shift,Cumulative Layout Shift,1,numeric,0,0,01_Relatorios_Brutos/boy_home__mobile__r03.report.json
boy_home,Nintendo Boy,inicial,mobile,3,2026-08-20T23:48:35-03:00,https://nintendoboy.com.br/,1,fraction,llms-txt,llms.txt follows recommendations,,notApplicable,,,01_Relatorios_Brutos/boy_home__mobile__r03.report.json
boy_article,Nintendo Boy,interna,mobile,3,2026-08-20T23:48:55-03:00,https://nintendoboy.com.br/2026/08/sin-reloaded-remaster-do-fps-narrativo-de-1998-chega-as-plataformas-nintendo-em-setembro/,1,fraction,agent-accessibility-tree,Accessibility tree is well-formed,1,binary,,All audits passed,01_Relatorios_Brutos/boy_article__mobile__r03.report.json
boy_article,Nintendo Boy,interna,mobile,3,2026-08-20T23:48:55-03:00,https://nintendoboy.com.br/2026/08/sin-reloaded-remaster-do-fps-narrativo-de-1998-chega-as-plataformas-nintendo-em-setembro/,1,fraction,webmcp-form-coverage,WebMCP form coverage,,notApplicable,,,01_Relatorios_Brutos/boy_article__mobile__r03.report.json
boy_article,Nintendo Boy,interna,mobile,3,2026-08-20T23:48:55-03:00,https://nintendoboy.com.br/2026/08/sin-reloaded-remaster-do-fps-narrativo-de-1998-chega-as-plataformas-nintendo-em-setembro/,1,fraction,webmcp-registered-tools,WebMCP tools registered,,notApplicable,,,01_Relatorios_Brutos/boy_article__mobile__r03.report.json
boy_article,Nintendo Boy,interna,mobile,3,2026-08-20T23:48:55-03:00,https://nintendoboy.com.br/2026/08/sin-reloaded-remaster-do-fps-narrativo-de-1998-chega-as-plataformas-nintendo-em-setembro/,1,fraction,webmcp-schema-validity,WebMCP schemas are valid,,notApplicable,,,01_Relatorios_Brutos/boy_article__mobile__r03.report.json
boy_article,Nintendo Boy,interna,mobile,3,2026-08-20T23:48:55-03:00,https://nintendoboy.com.br/2026/08/sin-reloaded-remaster-do-fps-narrativo-de-1998-chega-as-plataformas-nintendo-em-setembro/,1,fraction,cumulative-layout-shift,Cumulative Layout Shift,1,numeric,0,0,01_Relatorios_Brutos/boy_article__mobile__r03.report.json
boy_article,Nintendo Boy,interna,mobile,3,2026-08-20T23:48:55-03:00,https://nintendoboy.com.br/2026/08/sin-reloaded-remaster-do-fps-narrativo-de-1998-chega-as-plataformas-nintendo-em-setembro/,1,fraction,llms-txt,llms.txt follows recommendations,,notApplicable,,,01_Relatorios_Brutos/boy_article__mobile__r03.report.json
nn_home,Nintendista News,inicial,mobile,3,2026-08-20T23:49:19-03:00,https://nintendista.news/,1,fraction,agent-accessibility-tree,Accessibility tree is well-formed,1,binary,,All audits passed,01_Relatorios_Brutos/nn_home__mobile__r03.report.json
nn_home,Nintendista News,inicial,mobile,3,2026-08-20T23:49:19-03:00,https://nintendista.news/,1,fraction,webmcp-form-coverage,WebMCP form coverage,,notApplicable,,,01_Relatorios_Brutos/nn_home__mobile__r03.report.json
nn_home,Nintendista News,inicial,mobile,3,2026-08-20T23:49:19-03:00,https://nintendista.news/,1,fraction,webmcp-registered-tools,WebMCP tools registered,,notApplicable,,,01_Relatorios_Brutos/nn_home__mobile__r03.report.json
nn_home,Nintendista News,inicial,mobile,3,2026-08-20T23:49:19-03:00,https://nintendista.news/,1,fraction,webmcp-schema-validity,WebMCP schemas are valid,,notApplicable,,,01_Relatorios_Brutos/nn_home__mobile__r03.report.json
nn_home,Nintendista News,inicial,mobile,3,2026-08-20T23:49:19-03:00,https://nintendista.news/,1,fraction,cumulative-layout-shift,Cumulative Layout Shift,1,numeric,0,0,01_Relatorios_Brutos/nn_home__mobile__r03.report.json
nn_home,Nintendista News,inicial,mobile,3,2026-08-20T23:49:19-03:00,https://nintendista.news/,1,fraction,llms-txt,llms.txt follows recommendations,1,binary,,,01_Relatorios_Brutos/nn_home__mobile__r03.report.json
nn_article,Nintendista News,interna,mobile,3,2026-08-20T23:49:32-03:00,https://nintendista.news/noticias/nintendista-news-no-ar/,1,fraction,agent-accessibility-tree,Accessibility tree is well-formed,1,binary,,All audits passed,01_Relatorios_Brutos/nn_article__mobile__r03.report.json
nn_article,Nintendista News,interna,mobile,3,2026-08-20T23:49:32-03:00,https://nintendista.news/noticias/nintendista-news-no-ar/,1,fraction,webmcp-form-coverage,WebMCP form coverage,,notApplicable,,,01_Relatorios_Brutos/nn_article__mobile__r03.report.json
nn_article,Nintendista News,interna,mobile,3,2026-08-20T23:49:32-03:00,https://nintendista.news/noticias/nintendista-news-no-ar/,1,fraction,webmcp-registered-tools,WebMCP tools registered,,notApplicable,,,01_Relatorios_Brutos/nn_article__mobile__r03.report.json
nn_article,Nintendista News,interna,mobile,3,2026-08-20T23:49:32-03:00,https://nintendista.news/noticias/nintendista-news-no-ar/,1,fraction,webmcp-schema-validity,WebMCP schemas are valid,,notApplicable,,,01_Relatorios_Brutos/nn_article__mobile__r03.report.json
nn_article,Nintendista News,interna,mobile,3,2026-08-20T23:49:32-03:00,https://nintendista.news/noticias/nintendista-news-no-ar/,1,fraction,cumulative-layout-shift,Cumulative Layout Shift,1,numeric,0,0,01_Relatorios_Brutos/nn_article__mobile__r03.report.json
nn_article,Nintendista News,interna,mobile,3,2026-08-20T23:49:32-03:00,https://nintendista.news/noticias/nintendista-news-no-ar/,1,fraction,llms-txt,llms.txt follows recommendations,1,binary,,,01_Relatorios_Brutos/nn_article__mobile__r03.report.json
universo_article,Universo Nintendo,interna,desktop,3,2026-08-20T23:49:45-03:00,https://universonintendo.com/trails-in-the-sky-2nd-chapter-recebe-demo-gratuita-no-switch/,0.46,fraction,agent-accessibility-tree,Accessibility tree is not well-formed,0,binary,,,01_Relatorios_Brutos/universo_article__desktop__r03.report.json
universo_article,Universo Nintendo,interna,desktop,3,2026-08-20T23:49:45-03:00,https://universonintendo.com/trails-in-the-sky-2nd-chapter-recebe-demo-gratuita-no-switch/,0.46,fraction,webmcp-form-coverage,WebMCP form coverage,,notApplicable,,,01_Relatorios_Brutos/universo_article__desktop__r03.report.json
universo_article,Universo Nintendo,interna,desktop,3,2026-08-20T23:49:45-03:00,https://universonintendo.com/trails-in-the-sky-2nd-chapter-recebe-demo-gratuita-no-switch/,0.46,fraction,webmcp-registered-tools,WebMCP tools registered,,notApplicable,,,01_Relatorios_Brutos/universo_article__desktop__r03.report.json
universo_article,Universo Nintendo,interna,desktop,3,2026-08-20T23:49:45-03:00,https://universonintendo.com/trails-in-the-sky-2nd-chapter-recebe-demo-gratuita-no-switch/,0.46,fraction,webmcp-schema-validity,WebMCP schemas are valid,,notApplicable,,,01_Relatorios_Brutos/universo_article__desktop__r03.report.json
universo_article,Universo Nintendo,interna,desktop,3,2026-08-20T23:49:45-03:00,https://universonintendo.com/trails-in-the-sky-2nd-chapter-recebe-demo-gratuita-no-switch/,0.46,fraction,cumulative-layout-shift,Cumulative Layout Shift,0.39,numeric,0.3031485186495903,0.303,01_Relatorios_Brutos/universo_article__desktop__r03.report.json
universo_article,Universo Nintendo,interna,desktop,3,2026-08-20T23:49:45-03:00,https://universonintendo.com/trails-in-the-sky-2nd-chapter-recebe-demo-gratuita-no-switch/,0.46,fraction,llms-txt,llms.txt follows recommendations,1,binary,,,01_Relatorios_Brutos/universo_article__desktop__r03.report.json
casa_home,A Casa do Cogumelo,inicial,desktop,3,2026-08-20T23:50:25-03:00,https://www.acasadocogumelo.com/,0.32,fraction,agent-accessibility-tree,Accessibility tree is not well-formed,0,binary,,,01_Relatorios_Brutos/casa_home__desktop__r03.report.json
casa_home,A Casa do Cogumelo,inicial,desktop,3,2026-08-20T23:50:25-03:00,https://www.acasadocogumelo.com/,0.32,fraction,webmcp-form-coverage,WebMCP form coverage,,notApplicable,,,01_Relatorios_Brutos/casa_home__desktop__r03.report.json
casa_home,A Casa do Cogumelo,inicial,desktop,3,2026-08-20T23:50:25-03:00,https://www.acasadocogumelo.com/,0.32,fraction,webmcp-registered-tools,WebMCP tools registered,,notApplicable,,,01_Relatorios_Brutos/casa_home__desktop__r03.report.json
casa_home,A Casa do Cogumelo,inicial,desktop,3,2026-08-20T23:50:25-03:00,https://www.acasadocogumelo.com/,0.32,fraction,webmcp-schema-validity,WebMCP schemas are valid,,notApplicable,,,01_Relatorios_Brutos/casa_home__desktop__r03.report.json
casa_home,A Casa do Cogumelo,inicial,desktop,3,2026-08-20T23:50:25-03:00,https://www.acasadocogumelo.com/,0.32,fraction,cumulative-layout-shift,Cumulative Layout Shift,0.97,numeric,0.06315256769307012,0.063,01_Relatorios_Brutos/casa_home__desktop__r03.report.json
casa_home,A Casa do Cogumelo,inicial,desktop,3,2026-08-20T23:50:25-03:00,https://www.acasadocogumelo.com/,0.32,fraction,llms-txt,llms.txt does not follow recommendations,0,binary,,,01_Relatorios_Brutos/casa_home__desktop__r03.report.json
casa_article,A Casa do Cogumelo,interna,desktop,3,2026-08-20T23:50:54-03:00,https://www.acasadocogumelo.com/logitech-g-anuncia-lancamentos-que-contemplarao-mercado-brasileiro/,0.33,fraction,agent-accessibility-tree,Accessibility tree is not well-formed,0,binary,,,01_Relatorios_Brutos/casa_article__desktop__r03.report.json
casa_article,A Casa do Cogumelo,interna,desktop,3,2026-08-20T23:50:54-03:00,https://www.acasadocogumelo.com/logitech-g-anuncia-lancamentos-que-contemplarao-mercado-brasileiro/,0.33,fraction,webmcp-form-coverage,WebMCP form coverage,,notApplicable,,,01_Relatorios_Brutos/casa_article__desktop__r03.report.json
casa_article,A Casa do Cogumelo,interna,desktop,3,2026-08-20T23:50:54-03:00,https://www.acasadocogumelo.com/logitech-g-anuncia-lancamentos-que-contemplarao-mercado-brasileiro/,0.33,fraction,webmcp-registered-tools,WebMCP tools registered,,notApplicable,,,01_Relatorios_Brutos/casa_article__desktop__r03.report.json
casa_article,A Casa do Cogumelo,interna,desktop,3,2026-08-20T23:50:54-03:00,https://www.acasadocogumelo.com/logitech-g-anuncia-lancamentos-que-contemplarao-mercado-brasileiro/,0.33,fraction,webmcp-schema-validity,WebMCP schemas are valid,,notApplicable,,,01_Relatorios_Brutos/casa_article__desktop__r03.report.json
casa_article,A Casa do Cogumelo,interna,desktop,3,2026-08-20T23:50:54-03:00,https://www.acasadocogumelo.com/logitech-g-anuncia-lancamentos-que-contemplarao-mercado-brasileiro/,0.33,fraction,cumulative-layout-shift,Cumulative Layout Shift,1,numeric,0.001456825675934606,0.001,01_Relatorios_Brutos/casa_article__desktop__r03.report.json
casa_article,A Casa do Cogumelo,interna,desktop,3,2026-08-20T23:50:54-03:00,https://www.acasadocogumelo.com/logitech-g-anuncia-lancamentos-que-contemplarao-mercado-brasileiro/,0.33,fraction,llms-txt,llms.txt does not follow recommendations,0,binary,,,01_Relatorios_Brutos/casa_article__desktop__r03.report.json
blast_home,Nintendo Blast,inicial,desktop,3,2026-08-20T23:51:24-03:00,https://www.nintendoblast.com.br/,0.5,fraction,agent-accessibility-tree,Accessibility tree is not well-formed,0,binary,,,01_Relatorios_Brutos/blast_home__desktop__r03.report.json
blast_home,Nintendo Blast,inicial,desktop,3,2026-08-20T23:51:24-03:00,https://www.nintendoblast.com.br/,0.5,fraction,webmcp-form-coverage,WebMCP form coverage,,notApplicable,,,01_Relatorios_Brutos/blast_home__desktop__r03.report.json
blast_home,Nintendo Blast,inicial,desktop,3,2026-08-20T23:51:24-03:00,https://www.nintendoblast.com.br/,0.5,fraction,webmcp-registered-tools,WebMCP tools registered,,notApplicable,,,01_Relatorios_Brutos/blast_home__desktop__r03.report.json
blast_home,Nintendo Blast,inicial,desktop,3,2026-08-20T23:51:24-03:00,https://www.nintendoblast.com.br/,0.5,fraction,webmcp-schema-validity,WebMCP schemas are valid,,notApplicable,,,01_Relatorios_Brutos/blast_home__desktop__r03.report.json
blast_home,Nintendo Blast,inicial,desktop,3,2026-08-20T23:51:24-03:00,https://www.nintendoblast.com.br/,0.5,fraction,cumulative-layout-shift,Cumulative Layout Shift,1,numeric,0.037286742402366985,0.037,01_Relatorios_Brutos/blast_home__desktop__r03.report.json
blast_home,Nintendo Blast,inicial,desktop,3,2026-08-20T23:51:24-03:00,https://www.nintendoblast.com.br/,0.5,fraction,llms-txt,llms.txt follows recommendations,,notApplicable,,,01_Relatorios_Brutos/blast_home__desktop__r03.report.json
blast_article,Nintendo Blast,interna,desktop,3,2026-08-20T23:51:47-03:00,https://www.nintendoblast.com.br/2026/08/nintendo-switch-online-recebe-icones-de-fire-emblem-three-houses.html,0.5,fraction,agent-accessibility-tree,Accessibility tree is not well-formed,0,binary,,,01_Relatorios_Brutos/blast_article__desktop__r03.report.json
blast_article,Nintendo Blast,interna,desktop,3,2026-08-20T23:51:47-03:00,https://www.nintendoblast.com.br/2026/08/nintendo-switch-online-recebe-icones-de-fire-emblem-three-houses.html,0.5,fraction,webmcp-form-coverage,WebMCP form coverage,,notApplicable,,,01_Relatorios_Brutos/blast_article__desktop__r03.report.json
blast_article,Nintendo Blast,interna,desktop,3,2026-08-20T23:51:47-03:00,https://www.nintendoblast.com.br/2026/08/nintendo-switch-online-recebe-icones-de-fire-emblem-three-houses.html,0.5,fraction,webmcp-registered-tools,WebMCP tools registered,,notApplicable,,,01_Relatorios_Brutos/blast_article__desktop__r03.report.json
blast_article,Nintendo Blast,interna,desktop,3,2026-08-20T23:51:47-03:00,https://www.nintendoblast.com.br/2026/08/nintendo-switch-online-recebe-icones-de-fire-emblem-three-houses.html,0.5,fraction,webmcp-schema-validity,WebMCP schemas are valid,,notApplicable,,,01_Relatorios_Brutos/blast_article__desktop__r03.report.json
blast_article,Nintendo Blast,interna,desktop,3,2026-08-20T23:51:47-03:00,https://www.nintendoblast.com.br/2026/08/nintendo-switch-online-recebe-icones-de-fire-emblem-three-houses.html,0.5,fraction,cumulative-layout-shift,Cumulative Layout Shift,0.99,numeric,0.04323931360671715,0.043,01_Relatorios_Brutos/blast_article__desktop__r03.report.json
blast_article,Nintendo Blast,interna,desktop,3,2026-08-20T23:51:47-03:00,https://www.nintendoblast.com.br/2026/08/nintendo-switch-online-recebe-icones-de-fire-emblem-three-houses.html,0.5,fraction,llms-txt,llms.txt follows recommendations,,notApplicable,,,01_Relatorios_Brutos/blast_article__desktop__r03.report.json
projectn_home,Project N,inicial,desktop,3,2026-08-20T23:52:07-03:00,https://projectn.com.br/,0.08,fraction,agent-accessibility-tree,Accessibility tree is not well-formed,0,binary,,,01_Relatorios_Brutos/projectn_home__desktop__r03.report.json
projectn_home,Project N,inicial,desktop,3,2026-08-20T23:52:07-03:00,https://projectn.com.br/,0.08,fraction,webmcp-form-coverage,WebMCP form coverage,,notApplicable,,,01_Relatorios_Brutos/projectn_home__desktop__r03.report.json
projectn_home,Project N,inicial,desktop,3,2026-08-20T23:52:07-03:00,https://projectn.com.br/,0.08,fraction,webmcp-registered-tools,WebMCP tools registered,,notApplicable,,,01_Relatorios_Brutos/projectn_home__desktop__r03.report.json
projectn_home,Project N,inicial,desktop,3,2026-08-20T23:52:07-03:00,https://projectn.com.br/,0.08,fraction,webmcp-schema-validity,WebMCP schemas are valid,,notApplicable,,,01_Relatorios_Brutos/projectn_home__desktop__r03.report.json
projectn_home,Project N,inicial,desktop,3,2026-08-20T23:52:07-03:00,https://projectn.com.br/,0.08,fraction,cumulative-layout-shift,Cumulative Layout Shift,0.16,numeric,0.5089585769476536,0.509,01_Relatorios_Brutos/projectn_home__desktop__r03.report.json
projectn_home,Project N,inicial,desktop,3,2026-08-20T23:52:07-03:00,https://projectn.com.br/,0.08,fraction,llms-txt,llms.txt follows recommendations,,notApplicable,,,01_Relatorios_Brutos/projectn_home__desktop__r03.report.json
projectn_article,Project N,interna,desktop,3,2026-08-20T23:52:28-03:00,https://projectn.com.br/call-of-duty-modern-warfare-4-ganha-novo-trailer-focado-no-multiplayer/,0.31,fraction,agent-accessibility-tree,Accessibility tree is not well-formed,0,binary,,,01_Relatorios_Brutos/projectn_article__desktop__r03.report.json
projectn_article,Project N,interna,desktop,3,2026-08-20T23:52:28-03:00,https://projectn.com.br/call-of-duty-modern-warfare-4-ganha-novo-trailer-focado-no-multiplayer/,0.31,fraction,webmcp-form-coverage,WebMCP form coverage,,notApplicable,,,01_Relatorios_Brutos/projectn_article__desktop__r03.report.json
projectn_article,Project N,interna,desktop,3,2026-08-20T23:52:28-03:00,https://projectn.com.br/call-of-duty-modern-warfare-4-ganha-novo-trailer-focado-no-multiplayer/,0.31,fraction,webmcp-registered-tools,WebMCP tools registered,,notApplicable,,,01_Relatorios_Brutos/projectn_article__desktop__r03.report.json
projectn_article,Project N,interna,desktop,3,2026-08-20T23:52:28-03:00,https://projectn.com.br/call-of-duty-modern-warfare-4-ganha-novo-trailer-focado-no-multiplayer/,0.31,fraction,webmcp-schema-validity,WebMCP schemas are valid,,notApplicable,,,01_Relatorios_Brutos/projectn_article__desktop__r03.report.json
projectn_article,Project N,interna,desktop,3,2026-08-20T23:52:28-03:00,https://projectn.com.br/call-of-duty-modern-warfare-4-ganha-novo-trailer-focado-no-multiplayer/,0.31,fraction,cumulative-layout-shift,Cumulative Layout Shift,0.62,numeric,0.20029005521203325,0.2,01_Relatorios_Brutos/projectn_article__desktop__r03.report.json
projectn_article,Project N,interna,desktop,3,2026-08-20T23:52:28-03:00,https://projectn.com.br/call-of-duty-modern-warfare-4-ganha-novo-trailer-focado-no-multiplayer/,0.31,fraction,llms-txt,llms.txt follows recommendations,,notApplicable,,,01_Relatorios_Brutos/projectn_article__desktop__r03.report.json
boy_home,Nintendo Boy,inicial,desktop,3,2026-08-20T23:52:48-03:00,https://nintendoboy.com.br/,0.8,fraction,agent-accessibility-tree,Accessibility tree is well-formed,1,binary,,All audits passed,01_Relatorios_Brutos/boy_home__desktop__r03.report.json
boy_home,Nintendo Boy,inicial,desktop,3,2026-08-20T23:52:48-03:00,https://nintendoboy.com.br/,0.8,fraction,webmcp-form-coverage,WebMCP form coverage,,notApplicable,,,01_Relatorios_Brutos/boy_home__desktop__r03.report.json
boy_home,Nintendo Boy,inicial,desktop,3,2026-08-20T23:52:48-03:00,https://nintendoboy.com.br/,0.8,fraction,webmcp-registered-tools,WebMCP tools registered,,notApplicable,,,01_Relatorios_Brutos/boy_home__desktop__r03.report.json
boy_home,Nintendo Boy,inicial,desktop,3,2026-08-20T23:52:48-03:00,https://nintendoboy.com.br/,0.8,fraction,webmcp-schema-validity,WebMCP schemas are valid,,notApplicable,,,01_Relatorios_Brutos/boy_home__desktop__r03.report.json
boy_home,Nintendo Boy,inicial,desktop,3,2026-08-20T23:52:48-03:00,https://nintendoboy.com.br/,0.8,fraction,cumulative-layout-shift,Cumulative Layout Shift,0.6,numeric,0.20773977829940346,0.208,01_Relatorios_Brutos/boy_home__desktop__r03.report.json
boy_home,Nintendo Boy,inicial,desktop,3,2026-08-20T23:52:48-03:00,https://nintendoboy.com.br/,0.8,fraction,llms-txt,llms.txt follows recommendations,,notApplicable,,,01_Relatorios_Brutos/boy_home__desktop__r03.report.json
boy_article,Nintendo Boy,interna,desktop,3,2026-08-20T23:53:05-03:00,https://nintendoboy.com.br/2026/08/sin-reloaded-remaster-do-fps-narrativo-de-1998-chega-as-plataformas-nintendo-em-setembro/,0.31,fraction,agent-accessibility-tree,Accessibility tree is not well-formed,0,binary,,,01_Relatorios_Brutos/boy_article__desktop__r03.report.json
boy_article,Nintendo Boy,interna,desktop,3,2026-08-20T23:53:05-03:00,https://nintendoboy.com.br/2026/08/sin-reloaded-remaster-do-fps-narrativo-de-1998-chega-as-plataformas-nintendo-em-setembro/,0.31,fraction,webmcp-form-coverage,WebMCP form coverage,,notApplicable,,,01_Relatorios_Brutos/boy_article__desktop__r03.report.json
boy_article,Nintendo Boy,interna,desktop,3,2026-08-20T23:53:05-03:00,https://nintendoboy.com.br/2026/08/sin-reloaded-remaster-do-fps-narrativo-de-1998-chega-as-plataformas-nintendo-em-setembro/,0.31,fraction,webmcp-registered-tools,WebMCP tools registered,,notApplicable,,,01_Relatorios_Brutos/boy_article__desktop__r03.report.json
boy_article,Nintendo Boy,interna,desktop,3,2026-08-20T23:53:05-03:00,https://nintendoboy.com.br/2026/08/sin-reloaded-remaster-do-fps-narrativo-de-1998-chega-as-plataformas-nintendo-em-setembro/,0.31,fraction,webmcp-schema-validity,WebMCP schemas are valid,,notApplicable,,,01_Relatorios_Brutos/boy_article__desktop__r03.report.json
boy_article,Nintendo Boy,interna,desktop,3,2026-08-20T23:53:05-03:00,https://nintendoboy.com.br/2026/08/sin-reloaded-remaster-do-fps-narrativo-de-1998-chega-as-plataformas-nintendo-em-setembro/,0.31,fraction,cumulative-layout-shift,Cumulative Layout Shift,0.61,numeric,0.20225564882104102,0.202,01_Relatorios_Brutos/boy_article__desktop__r03.report.json
boy_article,Nintendo Boy,interna,desktop,3,2026-08-20T23:53:05-03:00,https://nintendoboy.com.br/2026/08/sin-reloaded-remaster-do-fps-narrativo-de-1998-chega-as-plataformas-nintendo-em-setembro/,0.31,fraction,llms-txt,llms.txt follows recommendations,,notApplicable,,,01_Relatorios_Brutos/boy_article__desktop__r03.report.json
nn_home,Nintendista News,inicial,desktop,3,2026-08-20T23:53:26-03:00,https://nintendista.news/,1,fraction,agent-accessibility-tree,Accessibility tree is well-formed,1,binary,,All audits passed,01_Relatorios_Brutos/nn_home__desktop__r03.report.json
nn_home,Nintendista News,inicial,desktop,3,2026-08-20T23:53:26-03:00,https://nintendista.news/,1,fraction,webmcp-form-coverage,WebMCP form coverage,,notApplicable,,,01_Relatorios_Brutos/nn_home__desktop__r03.report.json
nn_home,Nintendista News,inicial,desktop,3,2026-08-20T23:53:26-03:00,https://nintendista.news/,1,fraction,webmcp-registered-tools,WebMCP tools registered,,notApplicable,,,01_Relatorios_Brutos/nn_home__desktop__r03.report.json
nn_home,Nintendista News,inicial,desktop,3,2026-08-20T23:53:26-03:00,https://nintendista.news/,1,fraction,webmcp-schema-validity,WebMCP schemas are valid,,notApplicable,,,01_Relatorios_Brutos/nn_home__desktop__r03.report.json
nn_home,Nintendista News,inicial,desktop,3,2026-08-20T23:53:26-03:00,https://nintendista.news/,1,fraction,cumulative-layout-shift,Cumulative Layout Shift,1,numeric,0,0,01_Relatorios_Brutos/nn_home__desktop__r03.report.json
nn_home,Nintendista News,inicial,desktop,3,2026-08-20T23:53:26-03:00,https://nintendista.news/,1,fraction,llms-txt,llms.txt follows recommendations,1,binary,,,01_Relatorios_Brutos/nn_home__desktop__r03.report.json
nn_article,Nintendista News,interna,desktop,3,2026-08-20T23:53:39-03:00,https://nintendista.news/noticias/nintendista-news-no-ar/,1,fraction,agent-accessibility-tree,Accessibility tree is well-formed,1,binary,,All audits passed,01_Relatorios_Brutos/nn_article__desktop__r03.report.json
nn_article,Nintendista News,interna,desktop,3,2026-08-20T23:53:39-03:00,https://nintendista.news/noticias/nintendista-news-no-ar/,1,fraction,webmcp-form-coverage,WebMCP form coverage,,notApplicable,,,01_Relatorios_Brutos/nn_article__desktop__r03.report.json
nn_article,Nintendista News,interna,desktop,3,2026-08-20T23:53:39-03:00,https://nintendista.news/noticias/nintendista-news-no-ar/,1,fraction,webmcp-registered-tools,WebMCP tools registered,,notApplicable,,,01_Relatorios_Brutos/nn_article__desktop__r03.report.json
nn_article,Nintendista News,interna,desktop,3,2026-08-20T23:53:39-03:00,https://nintendista.news/noticias/nintendista-news-no-ar/,1,fraction,webmcp-schema-validity,WebMCP schemas are valid,,notApplicable,,,01_Relatorios_Brutos/nn_article__desktop__r03.report.json
nn_article,Nintendista News,interna,desktop,3,2026-08-20T23:53:39-03:00,https://nintendista.news/noticias/nintendista-news-no-ar/,1,fraction,cumulative-layout-shift,Cumulative Layout Shift,1,numeric,0,0,01_Relatorios_Brutos/nn_article__desktop__r03.report.json
nn_article,Nintendista News,interna,desktop,3,2026-08-20T23:53:39-03:00,https://nintendista.news/noticias/nintendista-news-no-ar/,1,fraction,llms-txt,llms.txt follows recommendations,1,binary,,,01_Relatorios_Brutos/nn_article__desktop__r03.report.json
coelho_home,Coelho News,inicial,desktop,3,2026-08-20T23:53:50-03:00,https://coelhonews.com/,1,fraction,agent-accessibility-tree,Accessibility tree is well-formed,1,binary,,All audits passed,01_Relatorios_Brutos/coelho_home__desktop__r03.report.json
coelho_home,Coelho News,inicial,desktop,3,2026-08-20T23:53:50-03:00,https://coelhonews.com/,1,fraction,webmcp-form-coverage,WebMCP form coverage,,notApplicable,,,01_Relatorios_Brutos/coelho_home__desktop__r03.report.json
coelho_home,Coelho News,inicial,desktop,3,2026-08-20T23:53:50-03:00,https://coelhonews.com/,1,fraction,webmcp-registered-tools,WebMCP tools registered,,notApplicable,,,01_Relatorios_Brutos/coelho_home__desktop__r03.report.json
coelho_home,Coelho News,inicial,desktop,3,2026-08-20T23:53:50-03:00,https://coelhonews.com/,1,fraction,webmcp-schema-validity,WebMCP schemas are valid,,notApplicable,,,01_Relatorios_Brutos/coelho_home__desktop__r03.report.json
coelho_home,Coelho News,inicial,desktop,3,2026-08-20T23:53:50-03:00,https://coelhonews.com/,1,fraction,cumulative-layout-shift,Cumulative Layout Shift,1,numeric,0,0,01_Relatorios_Brutos/coelho_home__desktop__r03.report.json
coelho_home,Coelho News,inicial,desktop,3,2026-08-20T23:53:50-03:00,https://coelhonews.com/,1,fraction,llms-txt,llms.txt follows recommendations,,notApplicable,,,01_Relatorios_Brutos/coelho_home__desktop__r03.report.json
coelho_article,Coelho News,interna,desktop,3,2026-08-20T23:54:08-03:00,https://coelhonews.com/noticias/the-binding-of-isaac-repentance-online-chega-ao-switch-2-em-novembro,0.5,fraction,agent-accessibility-tree,Accessibility tree is not well-formed,0,binary,,,01_Relatorios_Brutos/coelho_article__desktop__r03.report.json
coelho_article,Coelho News,interna,desktop,3,2026-08-20T23:54:08-03:00,https://coelhonews.com/noticias/the-binding-of-isaac-repentance-online-chega-ao-switch-2-em-novembro,0.5,fraction,webmcp-form-coverage,WebMCP form coverage,,notApplicable,,,01_Relatorios_Brutos/coelho_article__desktop__r03.report.json
coelho_article,Coelho News,interna,desktop,3,2026-08-20T23:54:08-03:00,https://coelhonews.com/noticias/the-binding-of-isaac-repentance-online-chega-ao-switch-2-em-novembro,0.5,fraction,webmcp-registered-tools,WebMCP tools registered,,notApplicable,,,01_Relatorios_Brutos/coelho_article__desktop__r03.report.json
coelho_article,Coelho News,interna,desktop,3,2026-08-20T23:54:08-03:00,https://coelhonews.com/noticias/the-binding-of-isaac-repentance-online-chega-ao-switch-2-em-novembro,0.5,fraction,webmcp-schema-validity,WebMCP schemas are valid,,notApplicable,,,01_Relatorios_Brutos/coelho_article__desktop__r03.report.json
coelho_article,Coelho News,interna,desktop,3,2026-08-20T23:54:08-03:00,https://coelhonews.com/noticias/the-binding-of-isaac-repentance-online-chega-ao-switch-2-em-novembro,0.5,fraction,cumulative-layout-shift,Cumulative Layout Shift,1,numeric,0,0,01_Relatorios_Brutos/coelho_article__desktop__r03.report.json
coelho_article,Coelho News,interna,desktop,3,2026-08-20T23:54:08-03:00,https://coelhonews.com/noticias/the-binding-of-isaac-repentance-online-chega-ao-switch-2-em-novembro,0.5,fraction,llms-txt,llms.txt follows recommendations,,notApplicable,,,01_Relatorios_Brutos/coelho_article__desktop__r03.report.json
universo_home,Universo Nintendo,inicial,desktop,3,2026-08-20T23:54:23-03:00,https://universonintendo.com/,0.47,fraction,agent-accessibility-tree,Accessibility tree is not well-formed,0,binary,,,01_Relatorios_Brutos/universo_home__desktop__r03.report.json
universo_home,Universo Nintendo,inicial,desktop,3,2026-08-20T23:54:23-03:00,https://universonintendo.com/,0.47,fraction,webmcp-form-coverage,WebMCP form coverage,,notApplicable,,,01_Relatorios_Brutos/universo_home__desktop__r03.report.json
universo_home,Universo Nintendo,inicial,desktop,3,2026-08-20T23:54:23-03:00,https://universonintendo.com/,0.47,fraction,webmcp-registered-tools,WebMCP tools registered,,notApplicable,,,01_Relatorios_Brutos/universo_home__desktop__r03.report.json
universo_home,Universo Nintendo,inicial,desktop,3,2026-08-20T23:54:23-03:00,https://universonintendo.com/,0.47,fraction,webmcp-schema-validity,WebMCP schemas are valid,,notApplicable,,,01_Relatorios_Brutos/universo_home__desktop__r03.report.json
universo_home,Universo Nintendo,inicial,desktop,3,2026-08-20T23:54:23-03:00,https://universonintendo.com/,0.47,fraction,cumulative-layout-shift,Cumulative Layout Shift,0.41,numeric,0.2896086888833973,0.29,01_Relatorios_Brutos/universo_home__desktop__r03.report.json
universo_home,Universo Nintendo,inicial,desktop,3,2026-08-20T23:54:23-03:00,https://universonintendo.com/,0.47,fraction,llms-txt,llms.txt follows recommendations,1,binary,,,01_Relatorios_Brutos/universo_home__desktop__r03.report.json
coelho_article,Coelho News,interna,mobile,4,2026-08-20T23:55:16-03:00,https://coelhonews.com/noticias/the-binding-of-isaac-repentance-online-chega-ao-switch-2-em-novembro,0.5,fraction,agent-accessibility-tree,Accessibility tree is not well-formed,0,binary,,,01_Relatorios_Brutos/coelho_article__mobile__r04.report.json
coelho_article,Coelho News,interna,mobile,4,2026-08-20T23:55:16-03:00,https://coelhonews.com/noticias/the-binding-of-isaac-repentance-online-chega-ao-switch-2-em-novembro,0.5,fraction,webmcp-form-coverage,WebMCP form coverage,,notApplicable,,,01_Relatorios_Brutos/coelho_article__mobile__r04.report.json
coelho_article,Coelho News,interna,mobile,4,2026-08-20T23:55:16-03:00,https://coelhonews.com/noticias/the-binding-of-isaac-repentance-online-chega-ao-switch-2-em-novembro,0.5,fraction,webmcp-registered-tools,WebMCP tools registered,,notApplicable,,,01_Relatorios_Brutos/coelho_article__mobile__r04.report.json
coelho_article,Coelho News,interna,mobile,4,2026-08-20T23:55:16-03:00,https://coelhonews.com/noticias/the-binding-of-isaac-repentance-online-chega-ao-switch-2-em-novembro,0.5,fraction,webmcp-schema-validity,WebMCP schemas are valid,,notApplicable,,,01_Relatorios_Brutos/coelho_article__mobile__r04.report.json
coelho_article,Coelho News,interna,mobile,4,2026-08-20T23:55:16-03:00,https://coelhonews.com/noticias/the-binding-of-isaac-repentance-online-chega-ao-switch-2-em-novembro,0.5,fraction,cumulative-layout-shift,Cumulative Layout Shift,1,numeric,0,0,01_Relatorios_Brutos/coelho_article__mobile__r04.report.json
coelho_article,Coelho News,interna,mobile,4,2026-08-20T23:55:16-03:00,https://coelhonews.com/noticias/the-binding-of-isaac-repentance-online-chega-ao-switch-2-em-novembro,0.5,fraction,llms-txt,llms.txt follows recommendations,,notApplicable,,,01_Relatorios_Brutos/coelho_article__mobile__r04.report.json
universo_home,Universo Nintendo,inicial,mobile,4,2026-08-20T23:55:31-03:00,https://universonintendo.com/,0.53,fraction,agent-accessibility-tree,Accessibility tree is not well-formed,0,binary,,,01_Relatorios_Brutos/universo_home__mobile__r04.report.json
universo_home,Universo Nintendo,inicial,mobile,4,2026-08-20T23:55:31-03:00,https://universonintendo.com/,0.53,fraction,webmcp-form-coverage,WebMCP form coverage,,notApplicable,,,01_Relatorios_Brutos/universo_home__mobile__r04.report.json
universo_home,Universo Nintendo,inicial,mobile,4,2026-08-20T23:55:31-03:00,https://universonintendo.com/,0.53,fraction,webmcp-registered-tools,WebMCP tools registered,,notApplicable,,,01_Relatorios_Brutos/universo_home__mobile__r04.report.json
universo_home,Universo Nintendo,inicial,mobile,4,2026-08-20T23:55:31-03:00,https://universonintendo.com/,0.53,fraction,webmcp-schema-validity,WebMCP schemas are valid,,notApplicable,,,01_Relatorios_Brutos/universo_home__mobile__r04.report.json
universo_home,Universo Nintendo,inicial,mobile,4,2026-08-20T23:55:31-03:00,https://universonintendo.com/,0.53,fraction,cumulative-layout-shift,Cumulative Layout Shift,0.6,numeric,0.207941646920463,0.208,01_Relatorios_Brutos/universo_home__mobile__r04.report.json
universo_home,Universo Nintendo,inicial,mobile,4,2026-08-20T23:55:31-03:00,https://universonintendo.com/,0.53,fraction,llms-txt,llms.txt follows recommendations,1,binary,,,01_Relatorios_Brutos/universo_home__mobile__r04.report.json
universo_article,Universo Nintendo,interna,mobile,4,2026-08-20T23:56:12-03:00,https://universonintendo.com/trails-in-the-sky-2nd-chapter-recebe-demo-gratuita-no-switch/,0.42,fraction,agent-accessibility-tree,Accessibility tree is not well-formed,0,binary,,,01_Relatorios_Brutos/universo_article__mobile__r04.report.json
universo_article,Universo Nintendo,interna,mobile,4,2026-08-20T23:56:12-03:00,https://universonintendo.com/trails-in-the-sky-2nd-chapter-recebe-demo-gratuita-no-switch/,0.42,fraction,webmcp-form-coverage,WebMCP form coverage,,notApplicable,,,01_Relatorios_Brutos/universo_article__mobile__r04.report.json
universo_article,Universo Nintendo,interna,mobile,4,2026-08-20T23:56:12-03:00,https://universonintendo.com/trails-in-the-sky-2nd-chapter-recebe-demo-gratuita-no-switch/,0.42,fraction,webmcp-registered-tools,WebMCP tools registered,,notApplicable,,,01_Relatorios_Brutos/universo_article__mobile__r04.report.json
universo_article,Universo Nintendo,interna,mobile,4,2026-08-20T23:56:12-03:00,https://universonintendo.com/trails-in-the-sky-2nd-chapter-recebe-demo-gratuita-no-switch/,0.42,fraction,webmcp-schema-validity,WebMCP schemas are valid,,notApplicable,,,01_Relatorios_Brutos/universo_article__mobile__r04.report.json
universo_article,Universo Nintendo,interna,mobile,4,2026-08-20T23:56:12-03:00,https://universonintendo.com/trails-in-the-sky-2nd-chapter-recebe-demo-gratuita-no-switch/,0.42,fraction,cumulative-layout-shift,Cumulative Layout Shift,0.27,numeric,0.3816576574926044,0.382,01_Relatorios_Brutos/universo_article__mobile__r04.report.json
universo_article,Universo Nintendo,interna,mobile,4,2026-08-20T23:56:12-03:00,https://universonintendo.com/trails-in-the-sky-2nd-chapter-recebe-demo-gratuita-no-switch/,0.42,fraction,llms-txt,llms.txt follows recommendations,1,binary,,,01_Relatorios_Brutos/universo_article__mobile__r04.report.json
casa_home,A Casa do Cogumelo,inicial,mobile,4,2026-08-20T23:56:59-03:00,https://www.acasadocogumelo.com/,0.06,fraction,agent-accessibility-tree,Accessibility tree is not well-formed,0,binary,,,01_Relatorios_Brutos/casa_home__mobile__r04.report.json
casa_home,A Casa do Cogumelo,inicial,mobile,4,2026-08-20T23:56:59-03:00,https://www.acasadocogumelo.com/,0.06,fraction,webmcp-form-coverage,WebMCP form coverage,,notApplicable,,,01_Relatorios_Brutos/casa_home__mobile__r04.report.json
casa_home,A Casa do Cogumelo,inicial,mobile,4,2026-08-20T23:56:59-03:00,https://www.acasadocogumelo.com/,0.06,fraction,webmcp-registered-tools,WebMCP tools registered,,notApplicable,,,01_Relatorios_Brutos/casa_home__mobile__r04.report.json
casa_home,A Casa do Cogumelo,inicial,mobile,4,2026-08-20T23:56:59-03:00,https://www.acasadocogumelo.com/,0.06,fraction,webmcp-schema-validity,WebMCP schemas are valid,,notApplicable,,,01_Relatorios_Brutos/casa_home__mobile__r04.report.json
casa_home,A Casa do Cogumelo,inicial,mobile,4,2026-08-20T23:56:59-03:00,https://www.acasadocogumelo.com/,0.06,fraction,cumulative-layout-shift,Cumulative Layout Shift,0.19,numeric,0.4618315657846618,0.462,01_Relatorios_Brutos/casa_home__mobile__r04.report.json
casa_home,A Casa do Cogumelo,inicial,mobile,4,2026-08-20T23:56:59-03:00,https://www.acasadocogumelo.com/,0.06,fraction,llms-txt,llms.txt does not follow recommendations,0,binary,,,01_Relatorios_Brutos/casa_home__mobile__r04.report.json
casa_article,A Casa do Cogumelo,interna,mobile,4,2026-08-20T23:57:23-03:00,https://www.acasadocogumelo.com/logitech-g-anuncia-lancamentos-que-contemplarao-mercado-brasileiro/,0.33,fraction,agent-accessibility-tree,Accessibility tree is not well-formed,0,binary,,,01_Relatorios_Brutos/casa_article__mobile__r04.report.json
casa_article,A Casa do Cogumelo,interna,mobile,4,2026-08-20T23:57:23-03:00,https://www.acasadocogumelo.com/logitech-g-anuncia-lancamentos-que-contemplarao-mercado-brasileiro/,0.33,fraction,webmcp-form-coverage,WebMCP form coverage,,notApplicable,,,01_Relatorios_Brutos/casa_article__mobile__r04.report.json
casa_article,A Casa do Cogumelo,interna,mobile,4,2026-08-20T23:57:23-03:00,https://www.acasadocogumelo.com/logitech-g-anuncia-lancamentos-que-contemplarao-mercado-brasileiro/,0.33,fraction,webmcp-registered-tools,WebMCP tools registered,,notApplicable,,,01_Relatorios_Brutos/casa_article__mobile__r04.report.json
casa_article,A Casa do Cogumelo,interna,mobile,4,2026-08-20T23:57:23-03:00,https://www.acasadocogumelo.com/logitech-g-anuncia-lancamentos-que-contemplarao-mercado-brasileiro/,0.33,fraction,webmcp-schema-validity,WebMCP schemas are valid,,notApplicable,,,01_Relatorios_Brutos/casa_article__mobile__r04.report.json
casa_article,A Casa do Cogumelo,interna,mobile,4,2026-08-20T23:57:23-03:00,https://www.acasadocogumelo.com/logitech-g-anuncia-lancamentos-que-contemplarao-mercado-brasileiro/,0.33,fraction,cumulative-layout-shift,Cumulative Layout Shift,1,numeric,0.0018187532818264292,0.002,01_Relatorios_Brutos/casa_article__mobile__r04.report.json
casa_article,A Casa do Cogumelo,interna,mobile,4,2026-08-20T23:57:23-03:00,https://www.acasadocogumelo.com/logitech-g-anuncia-lancamentos-que-contemplarao-mercado-brasileiro/,0.33,fraction,llms-txt,llms.txt does not follow recommendations,0,binary,,,01_Relatorios_Brutos/casa_article__mobile__r04.report.json
blast_home,Nintendo Blast,inicial,mobile,4,2026-08-20T23:57:48-03:00,https://www.nintendoblast.com.br/,0.5,fraction,agent-accessibility-tree,Accessibility tree is not well-formed,0,binary,,,01_Relatorios_Brutos/blast_home__mobile__r04.report.json
blast_home,Nintendo Blast,inicial,mobile,4,2026-08-20T23:57:48-03:00,https://www.nintendoblast.com.br/,0.5,fraction,webmcp-form-coverage,WebMCP form coverage,,notApplicable,,,01_Relatorios_Brutos/blast_home__mobile__r04.report.json
blast_home,Nintendo Blast,inicial,mobile,4,2026-08-20T23:57:48-03:00,https://www.nintendoblast.com.br/,0.5,fraction,webmcp-registered-tools,WebMCP tools registered,,notApplicable,,,01_Relatorios_Brutos/blast_home__mobile__r04.report.json
blast_home,Nintendo Blast,inicial,mobile,4,2026-08-20T23:57:48-03:00,https://www.nintendoblast.com.br/,0.5,fraction,webmcp-schema-validity,WebMCP schemas are valid,,notApplicable,,,01_Relatorios_Brutos/blast_home__mobile__r04.report.json
blast_home,Nintendo Blast,inicial,mobile,4,2026-08-20T23:57:48-03:00,https://www.nintendoblast.com.br/,0.5,fraction,cumulative-layout-shift,Cumulative Layout Shift,1,numeric,0.00469048276391532,0.005,01_Relatorios_Brutos/blast_home__mobile__r04.report.json
blast_home,Nintendo Blast,inicial,mobile,4,2026-08-20T23:57:48-03:00,https://www.nintendoblast.com.br/,0.5,fraction,llms-txt,llms.txt follows recommendations,,notApplicable,,,01_Relatorios_Brutos/blast_home__mobile__r04.report.json
blast_article,Nintendo Blast,interna,mobile,4,2026-08-20T23:58:07-03:00,https://www.nintendoblast.com.br/2026/08/nintendo-switch-online-recebe-icones-de-fire-emblem-three-houses.html,0.5,fraction,agent-accessibility-tree,Accessibility tree is not well-formed,0,binary,,,01_Relatorios_Brutos/blast_article__mobile__r04.report.json
blast_article,Nintendo Blast,interna,mobile,4,2026-08-20T23:58:07-03:00,https://www.nintendoblast.com.br/2026/08/nintendo-switch-online-recebe-icones-de-fire-emblem-three-houses.html,0.5,fraction,webmcp-form-coverage,WebMCP form coverage,,notApplicable,,,01_Relatorios_Brutos/blast_article__mobile__r04.report.json
blast_article,Nintendo Blast,interna,mobile,4,2026-08-20T23:58:07-03:00,https://www.nintendoblast.com.br/2026/08/nintendo-switch-online-recebe-icones-de-fire-emblem-three-houses.html,0.5,fraction,webmcp-registered-tools,WebMCP tools registered,,notApplicable,,,01_Relatorios_Brutos/blast_article__mobile__r04.report.json
blast_article,Nintendo Blast,interna,mobile,4,2026-08-20T23:58:07-03:00,https://www.nintendoblast.com.br/2026/08/nintendo-switch-online-recebe-icones-de-fire-emblem-three-houses.html,0.5,fraction,webmcp-schema-validity,WebMCP schemas are valid,,notApplicable,,,01_Relatorios_Brutos/blast_article__mobile__r04.report.json
blast_article,Nintendo Blast,interna,mobile,4,2026-08-20T23:58:07-03:00,https://www.nintendoblast.com.br/2026/08/nintendo-switch-online-recebe-icones-de-fire-emblem-three-houses.html,0.5,fraction,cumulative-layout-shift,Cumulative Layout Shift,1,numeric,0.0050285754780911495,0.005,01_Relatorios_Brutos/blast_article__mobile__r04.report.json
blast_article,Nintendo Blast,interna,mobile,4,2026-08-20T23:58:07-03:00,https://www.nintendoblast.com.br/2026/08/nintendo-switch-online-recebe-icones-de-fire-emblem-three-houses.html,0.5,fraction,llms-txt,llms.txt follows recommendations,,notApplicable,,,01_Relatorios_Brutos/blast_article__mobile__r04.report.json
projectn_home,Project N,inicial,mobile,4,2026-08-20T23:58:29-03:00,https://projectn.com.br/,0.02,fraction,agent-accessibility-tree,Accessibility tree is not well-formed,0,binary,,,01_Relatorios_Brutos/projectn_home__mobile__r04.report.json
projectn_home,Project N,inicial,mobile,4,2026-08-20T23:58:29-03:00,https://projectn.com.br/,0.02,fraction,webmcp-form-coverage,WebMCP form coverage,,notApplicable,,,01_Relatorios_Brutos/projectn_home__mobile__r04.report.json
projectn_home,Project N,inicial,mobile,4,2026-08-20T23:58:29-03:00,https://projectn.com.br/,0.02,fraction,webmcp-registered-tools,WebMCP tools registered,,notApplicable,,,01_Relatorios_Brutos/projectn_home__mobile__r04.report.json
projectn_home,Project N,inicial,mobile,4,2026-08-20T23:58:29-03:00,https://projectn.com.br/,0.02,fraction,webmcp-schema-validity,WebMCP schemas are valid,,notApplicable,,,01_Relatorios_Brutos/projectn_home__mobile__r04.report.json
projectn_home,Project N,inicial,mobile,4,2026-08-20T23:58:29-03:00,https://projectn.com.br/,0.02,fraction,cumulative-layout-shift,Cumulative Layout Shift,0.03,numeric,0.917732378126693,0.918,01_Relatorios_Brutos/projectn_home__mobile__r04.report.json
projectn_home,Project N,inicial,mobile,4,2026-08-20T23:58:29-03:00,https://projectn.com.br/,0.02,fraction,llms-txt,llms.txt follows recommendations,,notApplicable,,,01_Relatorios_Brutos/projectn_home__mobile__r04.report.json
projectn_article,Project N,interna,mobile,4,2026-08-20T23:58:51-03:00,https://projectn.com.br/call-of-duty-modern-warfare-4-ganha-novo-trailer-focado-no-multiplayer/,0.47,fraction,agent-accessibility-tree,Accessibility tree is not well-formed,0,binary,,,01_Relatorios_Brutos/projectn_article__mobile__r04.report.json
projectn_article,Project N,interna,mobile,4,2026-08-20T23:58:51-03:00,https://projectn.com.br/call-of-duty-modern-warfare-4-ganha-novo-trailer-focado-no-multiplayer/,0.47,fraction,webmcp-form-coverage,WebMCP form coverage,,notApplicable,,,01_Relatorios_Brutos/projectn_article__mobile__r04.report.json
projectn_article,Project N,interna,mobile,4,2026-08-20T23:58:51-03:00,https://projectn.com.br/call-of-duty-modern-warfare-4-ganha-novo-trailer-focado-no-multiplayer/,0.47,fraction,webmcp-registered-tools,WebMCP tools registered,,notApplicable,,,01_Relatorios_Brutos/projectn_article__mobile__r04.report.json
projectn_article,Project N,interna,mobile,4,2026-08-20T23:58:51-03:00,https://projectn.com.br/call-of-duty-modern-warfare-4-ganha-novo-trailer-focado-no-multiplayer/,0.47,fraction,webmcp-schema-validity,WebMCP schemas are valid,,notApplicable,,,01_Relatorios_Brutos/projectn_article__mobile__r04.report.json
projectn_article,Project N,interna,mobile,4,2026-08-20T23:58:51-03:00,https://projectn.com.br/call-of-duty-modern-warfare-4-ganha-novo-trailer-focado-no-multiplayer/,0.47,fraction,cumulative-layout-shift,Cumulative Layout Shift,0.94,numeric,0.07871524790113972,0.079,01_Relatorios_Brutos/projectn_article__mobile__r04.report.json
projectn_article,Project N,interna,mobile,4,2026-08-20T23:58:51-03:00,https://projectn.com.br/call-of-duty-modern-warfare-4-ganha-novo-trailer-focado-no-multiplayer/,0.47,fraction,llms-txt,llms.txt follows recommendations,,notApplicable,,,01_Relatorios_Brutos/projectn_article__mobile__r04.report.json
boy_home,Nintendo Boy,inicial,mobile,4,2026-08-20T23:59:11-03:00,https://nintendoboy.com.br/,1,fraction,agent-accessibility-tree,Accessibility tree is well-formed,1,binary,,All audits passed,01_Relatorios_Brutos/boy_home__mobile__r04.report.json
boy_home,Nintendo Boy,inicial,mobile,4,2026-08-20T23:59:11-03:00,https://nintendoboy.com.br/,1,fraction,webmcp-form-coverage,WebMCP form coverage,,notApplicable,,,01_Relatorios_Brutos/boy_home__mobile__r04.report.json
boy_home,Nintendo Boy,inicial,mobile,4,2026-08-20T23:59:11-03:00,https://nintendoboy.com.br/,1,fraction,webmcp-registered-tools,WebMCP tools registered,,notApplicable,,,01_Relatorios_Brutos/boy_home__mobile__r04.report.json
boy_home,Nintendo Boy,inicial,mobile,4,2026-08-20T23:59:11-03:00,https://nintendoboy.com.br/,1,fraction,webmcp-schema-validity,WebMCP schemas are valid,,notApplicable,,,01_Relatorios_Brutos/boy_home__mobile__r04.report.json
boy_home,Nintendo Boy,inicial,mobile,4,2026-08-20T23:59:11-03:00,https://nintendoboy.com.br/,1,fraction,cumulative-layout-shift,Cumulative Layout Shift,1,numeric,0,0,01_Relatorios_Brutos/boy_home__mobile__r04.report.json
boy_home,Nintendo Boy,inicial,mobile,4,2026-08-20T23:59:11-03:00,https://nintendoboy.com.br/,1,fraction,llms-txt,llms.txt follows recommendations,,notApplicable,,,01_Relatorios_Brutos/boy_home__mobile__r04.report.json
boy_article,Nintendo Boy,interna,mobile,4,2026-08-20T23:59:35-03:00,https://nintendoboy.com.br/2026/08/sin-reloaded-remaster-do-fps-narrativo-de-1998-chega-as-plataformas-nintendo-em-setembro/,0.69,fraction,agent-accessibility-tree,Accessibility tree is well-formed,1,binary,,All audits passed,01_Relatorios_Brutos/boy_article__mobile__r04.report.json
boy_article,Nintendo Boy,interna,mobile,4,2026-08-20T23:59:35-03:00,https://nintendoboy.com.br/2026/08/sin-reloaded-remaster-do-fps-narrativo-de-1998-chega-as-plataformas-nintendo-em-setembro/,0.69,fraction,webmcp-form-coverage,WebMCP form coverage,,notApplicable,,,01_Relatorios_Brutos/boy_article__mobile__r04.report.json
boy_article,Nintendo Boy,interna,mobile,4,2026-08-20T23:59:35-03:00,https://nintendoboy.com.br/2026/08/sin-reloaded-remaster-do-fps-narrativo-de-1998-chega-as-plataformas-nintendo-em-setembro/,0.69,fraction,webmcp-registered-tools,WebMCP tools registered,,notApplicable,,,01_Relatorios_Brutos/boy_article__mobile__r04.report.json
boy_article,Nintendo Boy,interna,mobile,4,2026-08-20T23:59:35-03:00,https://nintendoboy.com.br/2026/08/sin-reloaded-remaster-do-fps-narrativo-de-1998-chega-as-plataformas-nintendo-em-setembro/,0.69,fraction,webmcp-schema-validity,WebMCP schemas are valid,,notApplicable,,,01_Relatorios_Brutos/boy_article__mobile__r04.report.json
boy_article,Nintendo Boy,interna,mobile,4,2026-08-20T23:59:35-03:00,https://nintendoboy.com.br/2026/08/sin-reloaded-remaster-do-fps-narrativo-de-1998-chega-as-plataformas-nintendo-em-setembro/,0.69,fraction,cumulative-layout-shift,Cumulative Layout Shift,0.37,numeric,0.31667217672122083,0.317,01_Relatorios_Brutos/boy_article__mobile__r04.report.json
boy_article,Nintendo Boy,interna,mobile,4,2026-08-20T23:59:35-03:00,https://nintendoboy.com.br/2026/08/sin-reloaded-remaster-do-fps-narrativo-de-1998-chega-as-plataformas-nintendo-em-setembro/,0.69,fraction,llms-txt,llms.txt follows recommendations,,notApplicable,,,01_Relatorios_Brutos/boy_article__mobile__r04.report.json
nn_home,Nintendista News,inicial,mobile,4,2026-08-20T23:59:59-03:00,https://nintendista.news/,1,fraction,agent-accessibility-tree,Accessibility tree is well-formed,1,binary,,All audits passed,01_Relatorios_Brutos/nn_home__mobile__r04.report.json
nn_home,Nintendista News,inicial,mobile,4,2026-08-20T23:59:59-03:00,https://nintendista.news/,1,fraction,webmcp-form-coverage,WebMCP form coverage,,notApplicable,,,01_Relatorios_Brutos/nn_home__mobile__r04.report.json
nn_home,Nintendista News,inicial,mobile,4,2026-08-20T23:59:59-03:00,https://nintendista.news/,1,fraction,webmcp-registered-tools,WebMCP tools registered,,notApplicable,,,01_Relatorios_Brutos/nn_home__mobile__r04.report.json
nn_home,Nintendista News,inicial,mobile,4,2026-08-20T23:59:59-03:00,https://nintendista.news/,1,fraction,webmcp-schema-validity,WebMCP schemas are valid,,notApplicable,,,01_Relatorios_Brutos/nn_home__mobile__r04.report.json
nn_home,Nintendista News,inicial,mobile,4,2026-08-20T23:59:59-03:00,https://nintendista.news/,1,fraction,cumulative-layout-shift,Cumulative Layout Shift,1,numeric,0,0,01_Relatorios_Brutos/nn_home__mobile__r04.report.json
nn_home,Nintendista News,inicial,mobile,4,2026-08-20T23:59:59-03:00,https://nintendista.news/,1,fraction,llms-txt,llms.txt follows recommendations,1,binary,,,01_Relatorios_Brutos/nn_home__mobile__r04.report.json
nn_article,Nintendista News,interna,mobile,4,2026-08-21T00:00:13-03:00,https://nintendista.news/noticias/nintendista-news-no-ar/,1,fraction,agent-accessibility-tree,Accessibility tree is well-formed,1,binary,,All audits passed,01_Relatorios_Brutos/nn_article__mobile__r04.report.json
nn_article,Nintendista News,interna,mobile,4,2026-08-21T00:00:13-03:00,https://nintendista.news/noticias/nintendista-news-no-ar/,1,fraction,webmcp-form-coverage,WebMCP form coverage,,notApplicable,,,01_Relatorios_Brutos/nn_article__mobile__r04.report.json
nn_article,Nintendista News,interna,mobile,4,2026-08-21T00:00:13-03:00,https://nintendista.news/noticias/nintendista-news-no-ar/,1,fraction,webmcp-registered-tools,WebMCP tools registered,,notApplicable,,,01_Relatorios_Brutos/nn_article__mobile__r04.report.json
nn_article,Nintendista News,interna,mobile,4,2026-08-21T00:00:13-03:00,https://nintendista.news/noticias/nintendista-news-no-ar/,1,fraction,webmcp-schema-validity,WebMCP schemas are valid,,notApplicable,,,01_Relatorios_Brutos/nn_article__mobile__r04.report.json
nn_article,Nintendista News,interna,mobile,4,2026-08-21T00:00:13-03:00,https://nintendista.news/noticias/nintendista-news-no-ar/,1,fraction,cumulative-layout-shift,Cumulative Layout Shift,1,numeric,0,0,01_Relatorios_Brutos/nn_article__mobile__r04.report.json
nn_article,Nintendista News,interna,mobile,4,2026-08-21T00:00:13-03:00,https://nintendista.news/noticias/nintendista-news-no-ar/,1,fraction,llms-txt,llms.txt follows recommendations,1,binary,,,01_Relatorios_Brutos/nn_article__mobile__r04.report.json
coelho_home,Coelho News,inicial,mobile,4,2026-08-21T00:00:25-03:00,https://coelhonews.com/,0.5,fraction,agent-accessibility-tree,Accessibility tree is not well-formed,0,binary,,,01_Relatorios_Brutos/coelho_home__mobile__r04.report.json
coelho_home,Coelho News,inicial,mobile,4,2026-08-21T00:00:25-03:00,https://coelhonews.com/,0.5,fraction,webmcp-form-coverage,WebMCP form coverage,,notApplicable,,,01_Relatorios_Brutos/coelho_home__mobile__r04.report.json
coelho_home,Coelho News,inicial,mobile,4,2026-08-21T00:00:25-03:00,https://coelhonews.com/,0.5,fraction,webmcp-registered-tools,WebMCP tools registered,,notApplicable,,,01_Relatorios_Brutos/coelho_home__mobile__r04.report.json
coelho_home,Coelho News,inicial,mobile,4,2026-08-21T00:00:25-03:00,https://coelhonews.com/,0.5,fraction,webmcp-schema-validity,WebMCP schemas are valid,,notApplicable,,,01_Relatorios_Brutos/coelho_home__mobile__r04.report.json
coelho_home,Coelho News,inicial,mobile,4,2026-08-21T00:00:25-03:00,https://coelhonews.com/,0.5,fraction,cumulative-layout-shift,Cumulative Layout Shift,1,numeric,0,0,01_Relatorios_Brutos/coelho_home__mobile__r04.report.json
coelho_home,Coelho News,inicial,mobile,4,2026-08-21T00:00:25-03:00,https://coelhonews.com/,0.5,fraction,llms-txt,llms.txt follows recommendations,,notApplicable,,,01_Relatorios_Brutos/coelho_home__mobile__r04.report.json
casa_home,A Casa do Cogumelo,inicial,desktop,4,2026-08-21T00:00:44-03:00,https://www.acasadocogumelo.com/,0.32,fraction,agent-accessibility-tree,Accessibility tree is not well-formed,0,binary,,,01_Relatorios_Brutos/casa_home__desktop__r04.report.json
casa_home,A Casa do Cogumelo,inicial,desktop,4,2026-08-21T00:00:44-03:00,https://www.acasadocogumelo.com/,0.32,fraction,webmcp-form-coverage,WebMCP form coverage,,notApplicable,,,01_Relatorios_Brutos/casa_home__desktop__r04.report.json
casa_home,A Casa do Cogumelo,inicial,desktop,4,2026-08-21T00:00:44-03:00,https://www.acasadocogumelo.com/,0.32,fraction,webmcp-registered-tools,WebMCP tools registered,,notApplicable,,,01_Relatorios_Brutos/casa_home__desktop__r04.report.json
casa_home,A Casa do Cogumelo,inicial,desktop,4,2026-08-21T00:00:44-03:00,https://www.acasadocogumelo.com/,0.32,fraction,webmcp-schema-validity,WebMCP schemas are valid,,notApplicable,,,01_Relatorios_Brutos/casa_home__desktop__r04.report.json
casa_home,A Casa do Cogumelo,inicial,desktop,4,2026-08-21T00:00:44-03:00,https://www.acasadocogumelo.com/,0.32,fraction,cumulative-layout-shift,Cumulative Layout Shift,0.97,numeric,0.06319463191181952,0.063,01_Relatorios_Brutos/casa_home__desktop__r04.report.json
casa_home,A Casa do Cogumelo,inicial,desktop,4,2026-08-21T00:00:44-03:00,https://www.acasadocogumelo.com/,0.32,fraction,llms-txt,llms.txt does not follow recommendations,0,binary,,,01_Relatorios_Brutos/casa_home__desktop__r04.report.json
casa_article,A Casa do Cogumelo,interna,desktop,4,2026-08-21T00:01:13-03:00,https://www.acasadocogumelo.com/logitech-g-anuncia-lancamentos-que-contemplarao-mercado-brasileiro/,0.33,fraction,agent-accessibility-tree,Accessibility tree is not well-formed,0,binary,,,01_Relatorios_Brutos/casa_article__desktop__r04.report.json
casa_article,A Casa do Cogumelo,interna,desktop,4,2026-08-21T00:01:13-03:00,https://www.acasadocogumelo.com/logitech-g-anuncia-lancamentos-que-contemplarao-mercado-brasileiro/,0.33,fraction,webmcp-form-coverage,WebMCP form coverage,,notApplicable,,,01_Relatorios_Brutos/casa_article__desktop__r04.report.json
casa_article,A Casa do Cogumelo,interna,desktop,4,2026-08-21T00:01:13-03:00,https://www.acasadocogumelo.com/logitech-g-anuncia-lancamentos-que-contemplarao-mercado-brasileiro/,0.33,fraction,webmcp-registered-tools,WebMCP tools registered,,notApplicable,,,01_Relatorios_Brutos/casa_article__desktop__r04.report.json
casa_article,A Casa do Cogumelo,interna,desktop,4,2026-08-21T00:01:13-03:00,https://www.acasadocogumelo.com/logitech-g-anuncia-lancamentos-que-contemplarao-mercado-brasileiro/,0.33,fraction,webmcp-schema-validity,WebMCP schemas are valid,,notApplicable,,,01_Relatorios_Brutos/casa_article__desktop__r04.report.json
casa_article,A Casa do Cogumelo,interna,desktop,4,2026-08-21T00:01:13-03:00,https://www.acasadocogumelo.com/logitech-g-anuncia-lancamentos-que-contemplarao-mercado-brasileiro/,0.33,fraction,cumulative-layout-shift,Cumulative Layout Shift,1,numeric,0.001456172338142347,0.001,01_Relatorios_Brutos/casa_article__desktop__r04.report.json
casa_article,A Casa do Cogumelo,interna,desktop,4,2026-08-21T00:01:13-03:00,https://www.acasadocogumelo.com/logitech-g-anuncia-lancamentos-que-contemplarao-mercado-brasileiro/,0.33,fraction,llms-txt,llms.txt does not follow recommendations,0,binary,,,01_Relatorios_Brutos/casa_article__desktop__r04.report.json
blast_home,Nintendo Blast,inicial,desktop,4,2026-08-21T00:01:43-03:00,https://www.nintendoblast.com.br/,0.5,fraction,agent-accessibility-tree,Accessibility tree is not well-formed,0,binary,,,01_Relatorios_Brutos/blast_home__desktop__r04.report.json
blast_home,Nintendo Blast,inicial,desktop,4,2026-08-21T00:01:43-03:00,https://www.nintendoblast.com.br/,0.5,fraction,webmcp-form-coverage,WebMCP form coverage,,notApplicable,,,01_Relatorios_Brutos/blast_home__desktop__r04.report.json
blast_home,Nintendo Blast,inicial,desktop,4,2026-08-21T00:01:43-03:00,https://www.nintendoblast.com.br/,0.5,fraction,webmcp-registered-tools,WebMCP tools registered,,notApplicable,,,01_Relatorios_Brutos/blast_home__desktop__r04.report.json
blast_home,Nintendo Blast,inicial,desktop,4,2026-08-21T00:01:43-03:00,https://www.nintendoblast.com.br/,0.5,fraction,webmcp-schema-validity,WebMCP schemas are valid,,notApplicable,,,01_Relatorios_Brutos/blast_home__desktop__r04.report.json
blast_home,Nintendo Blast,inicial,desktop,4,2026-08-21T00:01:43-03:00,https://www.nintendoblast.com.br/,0.5,fraction,cumulative-layout-shift,Cumulative Layout Shift,1,numeric,0.03710329213602528,0.037,01_Relatorios_Brutos/blast_home__desktop__r04.report.json
blast_home,Nintendo Blast,inicial,desktop,4,2026-08-21T00:01:43-03:00,https://www.nintendoblast.com.br/,0.5,fraction,llms-txt,llms.txt follows recommendations,,notApplicable,,,01_Relatorios_Brutos/blast_home__desktop__r04.report.json
blast_article,Nintendo Blast,interna,desktop,4,2026-08-21T00:02:01-03:00,https://www.nintendoblast.com.br/2026/08/nintendo-switch-online-recebe-icones-de-fire-emblem-three-houses.html,0.5,fraction,agent-accessibility-tree,Accessibility tree is not well-formed,0,binary,,,01_Relatorios_Brutos/blast_article__desktop__r04.report.json
blast_article,Nintendo Blast,interna,desktop,4,2026-08-21T00:02:01-03:00,https://www.nintendoblast.com.br/2026/08/nintendo-switch-online-recebe-icones-de-fire-emblem-three-houses.html,0.5,fraction,webmcp-form-coverage,WebMCP form coverage,,notApplicable,,,01_Relatorios_Brutos/blast_article__desktop__r04.report.json
blast_article,Nintendo Blast,interna,desktop,4,2026-08-21T00:02:01-03:00,https://www.nintendoblast.com.br/2026/08/nintendo-switch-online-recebe-icones-de-fire-emblem-three-houses.html,0.5,fraction,webmcp-registered-tools,WebMCP tools registered,,notApplicable,,,01_Relatorios_Brutos/blast_article__desktop__r04.report.json
blast_article,Nintendo Blast,interna,desktop,4,2026-08-21T00:02:01-03:00,https://www.nintendoblast.com.br/2026/08/nintendo-switch-online-recebe-icones-de-fire-emblem-three-houses.html,0.5,fraction,webmcp-schema-validity,WebMCP schemas are valid,,notApplicable,,,01_Relatorios_Brutos/blast_article__desktop__r04.report.json
blast_article,Nintendo Blast,interna,desktop,4,2026-08-21T00:02:01-03:00,https://www.nintendoblast.com.br/2026/08/nintendo-switch-online-recebe-icones-de-fire-emblem-three-houses.html,0.5,fraction,cumulative-layout-shift,Cumulative Layout Shift,1,numeric,0.038573610454508966,0.039,01_Relatorios_Brutos/blast_article__desktop__r04.report.json
blast_article,Nintendo Blast,interna,desktop,4,2026-08-21T00:02:01-03:00,https://www.nintendoblast.com.br/2026/08/nintendo-switch-online-recebe-icones-de-fire-emblem-three-houses.html,0.5,fraction,llms-txt,llms.txt follows recommendations,,notApplicable,,,01_Relatorios_Brutos/blast_article__desktop__r04.report.json
projectn_home,Project N,inicial,desktop,4,2026-08-21T00:02:19-03:00,https://projectn.com.br/,0.08,fraction,agent-accessibility-tree,Accessibility tree is not well-formed,0,binary,,,01_Relatorios_Brutos/projectn_home__desktop__r04.report.json
projectn_home,Project N,inicial,desktop,4,2026-08-21T00:02:19-03:00,https://projectn.com.br/,0.08,fraction,webmcp-form-coverage,WebMCP form coverage,,notApplicable,,,01_Relatorios_Brutos/projectn_home__desktop__r04.report.json
projectn_home,Project N,inicial,desktop,4,2026-08-21T00:02:19-03:00,https://projectn.com.br/,0.08,fraction,webmcp-registered-tools,WebMCP tools registered,,notApplicable,,,01_Relatorios_Brutos/projectn_home__desktop__r04.report.json
projectn_home,Project N,inicial,desktop,4,2026-08-21T00:02:19-03:00,https://projectn.com.br/,0.08,fraction,webmcp-schema-validity,WebMCP schemas are valid,,notApplicable,,,01_Relatorios_Brutos/projectn_home__desktop__r04.report.json
projectn_home,Project N,inicial,desktop,4,2026-08-21T00:02:19-03:00,https://projectn.com.br/,0.08,fraction,cumulative-layout-shift,Cumulative Layout Shift,0.16,numeric,0.5087008867934327,0.509,01_Relatorios_Brutos/projectn_home__desktop__r04.report.json
projectn_home,Project N,inicial,desktop,4,2026-08-21T00:02:19-03:00,https://projectn.com.br/,0.08,fraction,llms-txt,llms.txt follows recommendations,,notApplicable,,,01_Relatorios_Brutos/projectn_home__desktop__r04.report.json
projectn_article,Project N,interna,desktop,4,2026-08-21T00:02:39-03:00,https://projectn.com.br/call-of-duty-modern-warfare-4-ganha-novo-trailer-focado-no-multiplayer/,0.48,fraction,agent-accessibility-tree,Accessibility tree is not well-formed,0,binary,,,01_Relatorios_Brutos/projectn_article__desktop__r04.report.json
projectn_article,Project N,interna,desktop,4,2026-08-21T00:02:39-03:00,https://projectn.com.br/call-of-duty-modern-warfare-4-ganha-novo-trailer-focado-no-multiplayer/,0.48,fraction,webmcp-form-coverage,WebMCP form coverage,,notApplicable,,,01_Relatorios_Brutos/projectn_article__desktop__r04.report.json
projectn_article,Project N,interna,desktop,4,2026-08-21T00:02:39-03:00,https://projectn.com.br/call-of-duty-modern-warfare-4-ganha-novo-trailer-focado-no-multiplayer/,0.48,fraction,webmcp-registered-tools,WebMCP tools registered,,notApplicable,,,01_Relatorios_Brutos/projectn_article__desktop__r04.report.json
projectn_article,Project N,interna,desktop,4,2026-08-21T00:02:39-03:00,https://projectn.com.br/call-of-duty-modern-warfare-4-ganha-novo-trailer-focado-no-multiplayer/,0.48,fraction,webmcp-schema-validity,WebMCP schemas are valid,,notApplicable,,,01_Relatorios_Brutos/projectn_article__desktop__r04.report.json
projectn_article,Project N,interna,desktop,4,2026-08-21T00:02:39-03:00,https://projectn.com.br/call-of-duty-modern-warfare-4-ganha-novo-trailer-focado-no-multiplayer/,0.48,fraction,cumulative-layout-shift,Cumulative Layout Shift,0.95,numeric,0.07367420509356133,0.074,01_Relatorios_Brutos/projectn_article__desktop__r04.report.json
projectn_article,Project N,interna,desktop,4,2026-08-21T00:02:39-03:00,https://projectn.com.br/call-of-duty-modern-warfare-4-ganha-novo-trailer-focado-no-multiplayer/,0.48,fraction,llms-txt,llms.txt follows recommendations,,notApplicable,,,01_Relatorios_Brutos/projectn_article__desktop__r04.report.json
boy_home,Nintendo Boy,inicial,desktop,4,2026-08-21T00:02:59-03:00,https://nintendoboy.com.br/,0.8,fraction,agent-accessibility-tree,Accessibility tree is well-formed,1,binary,,All audits passed,01_Relatorios_Brutos/boy_home__desktop__r04.report.json
boy_home,Nintendo Boy,inicial,desktop,4,2026-08-21T00:02:59-03:00,https://nintendoboy.com.br/,0.8,fraction,webmcp-form-coverage,WebMCP form coverage,,notApplicable,,,01_Relatorios_Brutos/boy_home__desktop__r04.report.json
boy_home,Nintendo Boy,inicial,desktop,4,2026-08-21T00:02:59-03:00,https://nintendoboy.com.br/,0.8,fraction,webmcp-registered-tools,WebMCP tools registered,,notApplicable,,,01_Relatorios_Brutos/boy_home__desktop__r04.report.json
boy_home,Nintendo Boy,inicial,desktop,4,2026-08-21T00:02:59-03:00,https://nintendoboy.com.br/,0.8,fraction,webmcp-schema-validity,WebMCP schemas are valid,,notApplicable,,,01_Relatorios_Brutos/boy_home__desktop__r04.report.json
boy_home,Nintendo Boy,inicial,desktop,4,2026-08-21T00:02:59-03:00,https://nintendoboy.com.br/,0.8,fraction,cumulative-layout-shift,Cumulative Layout Shift,0.6,numeric,0.20775061788687227,0.208,01_Relatorios_Brutos/boy_home__desktop__r04.report.json
boy_home,Nintendo Boy,inicial,desktop,4,2026-08-21T00:02:59-03:00,https://nintendoboy.com.br/,0.8,fraction,llms-txt,llms.txt follows recommendations,,notApplicable,,,01_Relatorios_Brutos/boy_home__desktop__r04.report.json
boy_article,Nintendo Boy,interna,desktop,4,2026-08-21T00:03:16-03:00,https://nintendoboy.com.br/2026/08/sin-reloaded-remaster-do-fps-narrativo-de-1998-chega-as-plataformas-nintendo-em-setembro/,0.31,fraction,agent-accessibility-tree,Accessibility tree is not well-formed,0,binary,,,01_Relatorios_Brutos/boy_article__desktop__r04.report.json
boy_article,Nintendo Boy,interna,desktop,4,2026-08-21T00:03:16-03:00,https://nintendoboy.com.br/2026/08/sin-reloaded-remaster-do-fps-narrativo-de-1998-chega-as-plataformas-nintendo-em-setembro/,0.31,fraction,webmcp-form-coverage,WebMCP form coverage,,notApplicable,,,01_Relatorios_Brutos/boy_article__desktop__r04.report.json
boy_article,Nintendo Boy,interna,desktop,4,2026-08-21T00:03:16-03:00,https://nintendoboy.com.br/2026/08/sin-reloaded-remaster-do-fps-narrativo-de-1998-chega-as-plataformas-nintendo-em-setembro/,0.31,fraction,webmcp-registered-tools,WebMCP tools registered,,notApplicable,,,01_Relatorios_Brutos/boy_article__desktop__r04.report.json
boy_article,Nintendo Boy,interna,desktop,4,2026-08-21T00:03:16-03:00,https://nintendoboy.com.br/2026/08/sin-reloaded-remaster-do-fps-narrativo-de-1998-chega-as-plataformas-nintendo-em-setembro/,0.31,fraction,webmcp-schema-validity,WebMCP schemas are valid,,notApplicable,,,01_Relatorios_Brutos/boy_article__desktop__r04.report.json
boy_article,Nintendo Boy,interna,desktop,4,2026-08-21T00:03:16-03:00,https://nintendoboy.com.br/2026/08/sin-reloaded-remaster-do-fps-narrativo-de-1998-chega-as-plataformas-nintendo-em-setembro/,0.31,fraction,cumulative-layout-shift,Cumulative Layout Shift,0.61,numeric,0.20225564882104102,0.202,01_Relatorios_Brutos/boy_article__desktop__r04.report.json
boy_article,Nintendo Boy,interna,desktop,4,2026-08-21T00:03:16-03:00,https://nintendoboy.com.br/2026/08/sin-reloaded-remaster-do-fps-narrativo-de-1998-chega-as-plataformas-nintendo-em-setembro/,0.31,fraction,llms-txt,llms.txt follows recommendations,,notApplicable,,,01_Relatorios_Brutos/boy_article__desktop__r04.report.json
nn_home,Nintendista News,inicial,desktop,4,2026-08-21T00:03:38-03:00,https://nintendista.news/,1,fraction,agent-accessibility-tree,Accessibility tree is well-formed,1,binary,,All audits passed,01_Relatorios_Brutos/nn_home__desktop__r04.report.json
nn_home,Nintendista News,inicial,desktop,4,2026-08-21T00:03:38-03:00,https://nintendista.news/,1,fraction,webmcp-form-coverage,WebMCP form coverage,,notApplicable,,,01_Relatorios_Brutos/nn_home__desktop__r04.report.json
nn_home,Nintendista News,inicial,desktop,4,2026-08-21T00:03:38-03:00,https://nintendista.news/,1,fraction,webmcp-registered-tools,WebMCP tools registered,,notApplicable,,,01_Relatorios_Brutos/nn_home__desktop__r04.report.json
nn_home,Nintendista News,inicial,desktop,4,2026-08-21T00:03:38-03:00,https://nintendista.news/,1,fraction,webmcp-schema-validity,WebMCP schemas are valid,,notApplicable,,,01_Relatorios_Brutos/nn_home__desktop__r04.report.json
nn_home,Nintendista News,inicial,desktop,4,2026-08-21T00:03:38-03:00,https://nintendista.news/,1,fraction,cumulative-layout-shift,Cumulative Layout Shift,1,numeric,0,0,01_Relatorios_Brutos/nn_home__desktop__r04.report.json
nn_home,Nintendista News,inicial,desktop,4,2026-08-21T00:03:38-03:00,https://nintendista.news/,1,fraction,llms-txt,llms.txt follows recommendations,1,binary,,,01_Relatorios_Brutos/nn_home__desktop__r04.report.json
nn_article,Nintendista News,interna,desktop,4,2026-08-21T00:03:50-03:00,https://nintendista.news/noticias/nintendista-news-no-ar/,1,fraction,agent-accessibility-tree,Accessibility tree is well-formed,1,binary,,All audits passed,01_Relatorios_Brutos/nn_article__desktop__r04.report.json
nn_article,Nintendista News,interna,desktop,4,2026-08-21T00:03:50-03:00,https://nintendista.news/noticias/nintendista-news-no-ar/,1,fraction,webmcp-form-coverage,WebMCP form coverage,,notApplicable,,,01_Relatorios_Brutos/nn_article__desktop__r04.report.json
nn_article,Nintendista News,interna,desktop,4,2026-08-21T00:03:50-03:00,https://nintendista.news/noticias/nintendista-news-no-ar/,1,fraction,webmcp-registered-tools,WebMCP tools registered,,notApplicable,,,01_Relatorios_Brutos/nn_article__desktop__r04.report.json
nn_article,Nintendista News,interna,desktop,4,2026-08-21T00:03:50-03:00,https://nintendista.news/noticias/nintendista-news-no-ar/,1,fraction,webmcp-schema-validity,WebMCP schemas are valid,,notApplicable,,,01_Relatorios_Brutos/nn_article__desktop__r04.report.json
nn_article,Nintendista News,interna,desktop,4,2026-08-21T00:03:50-03:00,https://nintendista.news/noticias/nintendista-news-no-ar/,1,fraction,cumulative-layout-shift,Cumulative Layout Shift,1,numeric,0,0,01_Relatorios_Brutos/nn_article__desktop__r04.report.json
nn_article,Nintendista News,interna,desktop,4,2026-08-21T00:03:50-03:00,https://nintendista.news/noticias/nintendista-news-no-ar/,1,fraction,llms-txt,llms.txt follows recommendations,1,binary,,,01_Relatorios_Brutos/nn_article__desktop__r04.report.json
coelho_home,Coelho News,inicial,desktop,4,2026-08-21T00:04:01-03:00,https://coelhonews.com/,1,fraction,agent-accessibility-tree,Accessibility tree is well-formed,1,binary,,All audits passed,01_Relatorios_Brutos/coelho_home__desktop__r04.report.json
coelho_home,Coelho News,inicial,desktop,4,2026-08-21T00:04:01-03:00,https://coelhonews.com/,1,fraction,webmcp-form-coverage,WebMCP form coverage,,notApplicable,,,01_Relatorios_Brutos/coelho_home__desktop__r04.report.json
coelho_home,Coelho News,inicial,desktop,4,2026-08-21T00:04:01-03:00,https://coelhonews.com/,1,fraction,webmcp-registered-tools,WebMCP tools registered,,notApplicable,,,01_Relatorios_Brutos/coelho_home__desktop__r04.report.json
coelho_home,Coelho News,inicial,desktop,4,2026-08-21T00:04:01-03:00,https://coelhonews.com/,1,fraction,webmcp-schema-validity,WebMCP schemas are valid,,notApplicable,,,01_Relatorios_Brutos/coelho_home__desktop__r04.report.json
coelho_home,Coelho News,inicial,desktop,4,2026-08-21T00:04:01-03:00,https://coelhonews.com/,1,fraction,cumulative-layout-shift,Cumulative Layout Shift,1,numeric,0.003882365718796676,0.004,01_Relatorios_Brutos/coelho_home__desktop__r04.report.json
coelho_home,Coelho News,inicial,desktop,4,2026-08-21T00:04:01-03:00,https://coelhonews.com/,1,fraction,llms-txt,llms.txt follows recommendations,,notApplicable,,,01_Relatorios_Brutos/coelho_home__desktop__r04.report.json
coelho_article,Coelho News,interna,desktop,4,2026-08-21T00:04:19-03:00,https://coelhonews.com/noticias/the-binding-of-isaac-repentance-online-chega-ao-switch-2-em-novembro,0.5,fraction,agent-accessibility-tree,Accessibility tree is not well-formed,0,binary,,,01_Relatorios_Brutos/coelho_article__desktop__r04.report.json
coelho_article,Coelho News,interna,desktop,4,2026-08-21T00:04:19-03:00,https://coelhonews.com/noticias/the-binding-of-isaac-repentance-online-chega-ao-switch-2-em-novembro,0.5,fraction,webmcp-form-coverage,WebMCP form coverage,,notApplicable,,,01_Relatorios_Brutos/coelho_article__desktop__r04.report.json
coelho_article,Coelho News,interna,desktop,4,2026-08-21T00:04:19-03:00,https://coelhonews.com/noticias/the-binding-of-isaac-repentance-online-chega-ao-switch-2-em-novembro,0.5,fraction,webmcp-registered-tools,WebMCP tools registered,,notApplicable,,,01_Relatorios_Brutos/coelho_article__desktop__r04.report.json
coelho_article,Coelho News,interna,desktop,4,2026-08-21T00:04:19-03:00,https://coelhonews.com/noticias/the-binding-of-isaac-repentance-online-chega-ao-switch-2-em-novembro,0.5,fraction,webmcp-schema-validity,WebMCP schemas are valid,,notApplicable,,,01_Relatorios_Brutos/coelho_article__desktop__r04.report.json
coelho_article,Coelho News,interna,desktop,4,2026-08-21T00:04:19-03:00,https://coelhonews.com/noticias/the-binding-of-isaac-repentance-online-chega-ao-switch-2-em-novembro,0.5,fraction,cumulative-layout-shift,Cumulative Layout Shift,1,numeric,0,0,01_Relatorios_Brutos/coelho_article__desktop__r04.report.json
coelho_article,Coelho News,interna,desktop,4,2026-08-21T00:04:19-03:00,https://coelhonews.com/noticias/the-binding-of-isaac-repentance-online-chega-ao-switch-2-em-novembro,0.5,fraction,llms-txt,llms.txt follows recommendations,,notApplicable,,,01_Relatorios_Brutos/coelho_article__desktop__r04.report.json
universo_home,Universo Nintendo,inicial,desktop,4,2026-08-21T00:04:35-03:00,https://universonintendo.com/,0.56,fraction,agent-accessibility-tree,Accessibility tree is not well-formed,0,binary,,,01_Relatorios_Brutos/universo_home__desktop__r04.report.json
universo_home,Universo Nintendo,inicial,desktop,4,2026-08-21T00:04:35-03:00,https://universonintendo.com/,0.56,fraction,webmcp-form-coverage,WebMCP form coverage,,notApplicable,,,01_Relatorios_Brutos/universo_home__desktop__r04.report.json
universo_home,Universo Nintendo,inicial,desktop,4,2026-08-21T00:04:35-03:00,https://universonintendo.com/,0.56,fraction,webmcp-registered-tools,WebMCP tools registered,,notApplicable,,,01_Relatorios_Brutos/universo_home__desktop__r04.report.json
universo_home,Universo Nintendo,inicial,desktop,4,2026-08-21T00:04:35-03:00,https://universonintendo.com/,0.56,fraction,webmcp-schema-validity,WebMCP schemas are valid,,notApplicable,,,01_Relatorios_Brutos/universo_home__desktop__r04.report.json
universo_home,Universo Nintendo,inicial,desktop,4,2026-08-21T00:04:35-03:00,https://universonintendo.com/,0.56,fraction,cumulative-layout-shift,Cumulative Layout Shift,0.69,numeric,0.1734350899530022,0.173,01_Relatorios_Brutos/universo_home__desktop__r04.report.json
universo_home,Universo Nintendo,inicial,desktop,4,2026-08-21T00:04:35-03:00,https://universonintendo.com/,0.56,fraction,llms-txt,llms.txt follows recommendations,1,binary,,,01_Relatorios_Brutos/universo_home__desktop__r04.report.json
universo_article,Universo Nintendo,interna,desktop,4,2026-08-21T00:05:47-03:00,https://universonintendo.com/trails-in-the-sky-2nd-chapter-recebe-demo-gratuita-no-switch/,0.46,fraction,agent-accessibility-tree,Accessibility tree is not well-formed,0,binary,,,01_Relatorios_Brutos/universo_article__desktop__r04.report.json
universo_article,Universo Nintendo,interna,desktop,4,2026-08-21T00:05:47-03:00,https://universonintendo.com/trails-in-the-sky-2nd-chapter-recebe-demo-gratuita-no-switch/,0.46,fraction,webmcp-form-coverage,WebMCP form coverage,,notApplicable,,,01_Relatorios_Brutos/universo_article__desktop__r04.report.json
universo_article,Universo Nintendo,interna,desktop,4,2026-08-21T00:05:47-03:00,https://universonintendo.com/trails-in-the-sky-2nd-chapter-recebe-demo-gratuita-no-switch/,0.46,fraction,webmcp-registered-tools,WebMCP tools registered,,notApplicable,,,01_Relatorios_Brutos/universo_article__desktop__r04.report.json
universo_article,Universo Nintendo,interna,desktop,4,2026-08-21T00:05:47-03:00,https://universonintendo.com/trails-in-the-sky-2nd-chapter-recebe-demo-gratuita-no-switch/,0.46,fraction,webmcp-schema-validity,WebMCP schemas are valid,,notApplicable,,,01_Relatorios_Brutos/universo_article__desktop__r04.report.json
universo_article,Universo Nintendo,interna,desktop,4,2026-08-21T00:05:47-03:00,https://universonintendo.com/trails-in-the-sky-2nd-chapter-recebe-demo-gratuita-no-switch/,0.46,fraction,cumulative-layout-shift,Cumulative Layout Shift,0.37,numeric,0.31491835775296423,0.315,01_Relatorios_Brutos/universo_article__desktop__r04.report.json
universo_article,Universo Nintendo,interna,desktop,4,2026-08-21T00:05:47-03:00,https://universonintendo.com/trails-in-the-sky-2nd-chapter-recebe-demo-gratuita-no-switch/,0.46,fraction,llms-txt,llms.txt follows recommendations,1,binary,,,01_Relatorios_Brutos/universo_article__desktop__r04.report.json
universo_home,Universo Nintendo,inicial,mobile,5,2026-08-21T00:06:23-03:00,https://universonintendo.com/,0.53,fraction,agent-accessibility-tree,Accessibility tree is not well-formed,0,binary,,,01_Relatorios_Brutos/universo_home__mobile__r05.report.json
universo_home,Universo Nintendo,inicial,mobile,5,2026-08-21T00:06:23-03:00,https://universonintendo.com/,0.53,fraction,webmcp-form-coverage,WebMCP form coverage,,notApplicable,,,01_Relatorios_Brutos/universo_home__mobile__r05.report.json
universo_home,Universo Nintendo,inicial,mobile,5,2026-08-21T00:06:23-03:00,https://universonintendo.com/,0.53,fraction,webmcp-registered-tools,WebMCP tools registered,,notApplicable,,,01_Relatorios_Brutos/universo_home__mobile__r05.report.json
universo_home,Universo Nintendo,inicial,mobile,5,2026-08-21T00:06:23-03:00,https://universonintendo.com/,0.53,fraction,webmcp-schema-validity,WebMCP schemas are valid,,notApplicable,,,01_Relatorios_Brutos/universo_home__mobile__r05.report.json
universo_home,Universo Nintendo,inicial,mobile,5,2026-08-21T00:06:23-03:00,https://universonintendo.com/,0.53,fraction,cumulative-layout-shift,Cumulative Layout Shift,0.6,numeric,0.207941646920463,0.208,01_Relatorios_Brutos/universo_home__mobile__r05.report.json
universo_home,Universo Nintendo,inicial,mobile,5,2026-08-21T00:06:23-03:00,https://universonintendo.com/,0.53,fraction,llms-txt,llms.txt follows recommendations,1,binary,,,01_Relatorios_Brutos/universo_home__mobile__r05.report.json
universo_article,Universo Nintendo,interna,mobile,5,2026-08-21T00:07:11-03:00,https://universonintendo.com/trails-in-the-sky-2nd-chapter-recebe-demo-gratuita-no-switch/,0.42,fraction,agent-accessibility-tree,Accessibility tree is not well-formed,0,binary,,,01_Relatorios_Brutos/universo_article__mobile__r05.report.json
universo_article,Universo Nintendo,interna,mobile,5,2026-08-21T00:07:11-03:00,https://universonintendo.com/trails-in-the-sky-2nd-chapter-recebe-demo-gratuita-no-switch/,0.42,fraction,webmcp-form-coverage,WebMCP form coverage,,notApplicable,,,01_Relatorios_Brutos/universo_article__mobile__r05.report.json
universo_article,Universo Nintendo,interna,mobile,5,2026-08-21T00:07:11-03:00,https://universonintendo.com/trails-in-the-sky-2nd-chapter-recebe-demo-gratuita-no-switch/,0.42,fraction,webmcp-registered-tools,WebMCP tools registered,,notApplicable,,,01_Relatorios_Brutos/universo_article__mobile__r05.report.json
universo_article,Universo Nintendo,interna,mobile,5,2026-08-21T00:07:11-03:00,https://universonintendo.com/trails-in-the-sky-2nd-chapter-recebe-demo-gratuita-no-switch/,0.42,fraction,webmcp-schema-validity,WebMCP schemas are valid,,notApplicable,,,01_Relatorios_Brutos/universo_article__mobile__r05.report.json
universo_article,Universo Nintendo,interna,mobile,5,2026-08-21T00:07:11-03:00,https://universonintendo.com/trails-in-the-sky-2nd-chapter-recebe-demo-gratuita-no-switch/,0.42,fraction,cumulative-layout-shift,Cumulative Layout Shift,0.25,numeric,0.40350156241563173,0.404,01_Relatorios_Brutos/universo_article__mobile__r05.report.json
universo_article,Universo Nintendo,interna,mobile,5,2026-08-21T00:07:11-03:00,https://universonintendo.com/trails-in-the-sky-2nd-chapter-recebe-demo-gratuita-no-switch/,0.42,fraction,llms-txt,llms.txt follows recommendations,1,binary,,,01_Relatorios_Brutos/universo_article__mobile__r05.report.json
casa_home,A Casa do Cogumelo,inicial,mobile,5,2026-08-21T00:07:52-03:00,https://www.acasadocogumelo.com/,0.06,fraction,agent-accessibility-tree,Accessibility tree is not well-formed,0,binary,,,01_Relatorios_Brutos/casa_home__mobile__r05.report.json
casa_home,A Casa do Cogumelo,inicial,mobile,5,2026-08-21T00:07:52-03:00,https://www.acasadocogumelo.com/,0.06,fraction,webmcp-form-coverage,WebMCP form coverage,,notApplicable,,,01_Relatorios_Brutos/casa_home__mobile__r05.report.json
casa_home,A Casa do Cogumelo,inicial,mobile,5,2026-08-21T00:07:52-03:00,https://www.acasadocogumelo.com/,0.06,fraction,webmcp-registered-tools,WebMCP tools registered,,notApplicable,,,01_Relatorios_Brutos/casa_home__mobile__r05.report.json
casa_home,A Casa do Cogumelo,inicial,mobile,5,2026-08-21T00:07:52-03:00,https://www.acasadocogumelo.com/,0.06,fraction,webmcp-schema-validity,WebMCP schemas are valid,,notApplicable,,,01_Relatorios_Brutos/casa_home__mobile__r05.report.json
casa_home,A Casa do Cogumelo,inicial,mobile,5,2026-08-21T00:07:52-03:00,https://www.acasadocogumelo.com/,0.06,fraction,cumulative-layout-shift,Cumulative Layout Shift,0.19,numeric,0.4618315657846618,0.462,01_Relatorios_Brutos/casa_home__mobile__r05.report.json
casa_home,A Casa do Cogumelo,inicial,mobile,5,2026-08-21T00:07:52-03:00,https://www.acasadocogumelo.com/,0.06,fraction,llms-txt,llms.txt does not follow recommendations,0,binary,,,01_Relatorios_Brutos/casa_home__mobile__r05.report.json
casa_article,A Casa do Cogumelo,interna,mobile,5,2026-08-21T00:08:24-03:00,https://www.acasadocogumelo.com/logitech-g-anuncia-lancamentos-que-contemplarao-mercado-brasileiro/,0.33,fraction,agent-accessibility-tree,Accessibility tree is not well-formed,0,binary,,,01_Relatorios_Brutos/casa_article__mobile__r05.report.json
casa_article,A Casa do Cogumelo,interna,mobile,5,2026-08-21T00:08:24-03:00,https://www.acasadocogumelo.com/logitech-g-anuncia-lancamentos-que-contemplarao-mercado-brasileiro/,0.33,fraction,webmcp-form-coverage,WebMCP form coverage,,notApplicable,,,01_Relatorios_Brutos/casa_article__mobile__r05.report.json
casa_article,A Casa do Cogumelo,interna,mobile,5,2026-08-21T00:08:24-03:00,https://www.acasadocogumelo.com/logitech-g-anuncia-lancamentos-que-contemplarao-mercado-brasileiro/,0.33,fraction,webmcp-registered-tools,WebMCP tools registered,,notApplicable,,,01_Relatorios_Brutos/casa_article__mobile__r05.report.json
casa_article,A Casa do Cogumelo,interna,mobile,5,2026-08-21T00:08:24-03:00,https://www.acasadocogumelo.com/logitech-g-anuncia-lancamentos-que-contemplarao-mercado-brasileiro/,0.33,fraction,webmcp-schema-validity,WebMCP schemas are valid,,notApplicable,,,01_Relatorios_Brutos/casa_article__mobile__r05.report.json
casa_article,A Casa do Cogumelo,interna,mobile,5,2026-08-21T00:08:24-03:00,https://www.acasadocogumelo.com/logitech-g-anuncia-lancamentos-que-contemplarao-mercado-brasileiro/,0.33,fraction,cumulative-layout-shift,Cumulative Layout Shift,1,numeric,0.0018187532818264292,0.002,01_Relatorios_Brutos/casa_article__mobile__r05.report.json
casa_article,A Casa do Cogumelo,interna,mobile,5,2026-08-21T00:08:24-03:00,https://www.acasadocogumelo.com/logitech-g-anuncia-lancamentos-que-contemplarao-mercado-brasileiro/,0.33,fraction,llms-txt,llms.txt does not follow recommendations,0,binary,,,01_Relatorios_Brutos/casa_article__mobile__r05.report.json
blast_home,Nintendo Blast,inicial,mobile,5,2026-08-21T00:08:54-03:00,https://www.nintendoblast.com.br/,0.5,fraction,agent-accessibility-tree,Accessibility tree is not well-formed,0,binary,,,01_Relatorios_Brutos/blast_home__mobile__r05.report.json
blast_home,Nintendo Blast,inicial,mobile,5,2026-08-21T00:08:54-03:00,https://www.nintendoblast.com.br/,0.5,fraction,webmcp-form-coverage,WebMCP form coverage,,notApplicable,,,01_Relatorios_Brutos/blast_home__mobile__r05.report.json
blast_home,Nintendo Blast,inicial,mobile,5,2026-08-21T00:08:54-03:00,https://www.nintendoblast.com.br/,0.5,fraction,webmcp-registered-tools,WebMCP tools registered,,notApplicable,,,01_Relatorios_Brutos/blast_home__mobile__r05.report.json
blast_home,Nintendo Blast,inicial,mobile,5,2026-08-21T00:08:54-03:00,https://www.nintendoblast.com.br/,0.5,fraction,webmcp-schema-validity,WebMCP schemas are valid,,notApplicable,,,01_Relatorios_Brutos/blast_home__mobile__r05.report.json
blast_home,Nintendo Blast,inicial,mobile,5,2026-08-21T00:08:54-03:00,https://www.nintendoblast.com.br/,0.5,fraction,cumulative-layout-shift,Cumulative Layout Shift,1,numeric,0.0029011012373602774,0.003,01_Relatorios_Brutos/blast_home__mobile__r05.report.json
blast_home,Nintendo Blast,inicial,mobile,5,2026-08-21T00:08:54-03:00,https://www.nintendoblast.com.br/,0.5,fraction,llms-txt,llms.txt follows recommendations,,notApplicable,,,01_Relatorios_Brutos/blast_home__mobile__r05.report.json
blast_article,Nintendo Blast,interna,mobile,5,2026-08-21T00:09:11-03:00,https://www.nintendoblast.com.br/2026/08/nintendo-switch-online-recebe-icones-de-fire-emblem-three-houses.html,0.5,fraction,agent-accessibility-tree,Accessibility tree is not well-formed,0,binary,,,01_Relatorios_Brutos/blast_article__mobile__r05.report.json
blast_article,Nintendo Blast,interna,mobile,5,2026-08-21T00:09:11-03:00,https://www.nintendoblast.com.br/2026/08/nintendo-switch-online-recebe-icones-de-fire-emblem-three-houses.html,0.5,fraction,webmcp-form-coverage,WebMCP form coverage,,notApplicable,,,01_Relatorios_Brutos/blast_article__mobile__r05.report.json
blast_article,Nintendo Blast,interna,mobile,5,2026-08-21T00:09:11-03:00,https://www.nintendoblast.com.br/2026/08/nintendo-switch-online-recebe-icones-de-fire-emblem-three-houses.html,0.5,fraction,webmcp-registered-tools,WebMCP tools registered,,notApplicable,,,01_Relatorios_Brutos/blast_article__mobile__r05.report.json
blast_article,Nintendo Blast,interna,mobile,5,2026-08-21T00:09:11-03:00,https://www.nintendoblast.com.br/2026/08/nintendo-switch-online-recebe-icones-de-fire-emblem-three-houses.html,0.5,fraction,webmcp-schema-validity,WebMCP schemas are valid,,notApplicable,,,01_Relatorios_Brutos/blast_article__mobile__r05.report.json
blast_article,Nintendo Blast,interna,mobile,5,2026-08-21T00:09:11-03:00,https://www.nintendoblast.com.br/2026/08/nintendo-switch-online-recebe-icones-de-fire-emblem-three-houses.html,0.5,fraction,cumulative-layout-shift,Cumulative Layout Shift,1,numeric,0.004672766115137547,0.005,01_Relatorios_Brutos/blast_article__mobile__r05.report.json
blast_article,Nintendo Blast,interna,mobile,5,2026-08-21T00:09:11-03:00,https://www.nintendoblast.com.br/2026/08/nintendo-switch-online-recebe-icones-de-fire-emblem-three-houses.html,0.5,fraction,llms-txt,llms.txt follows recommendations,,notApplicable,,,01_Relatorios_Brutos/blast_article__mobile__r05.report.json
projectn_home,Project N,inicial,mobile,5,2026-08-21T00:09:32-03:00,https://projectn.com.br/,0.02,fraction,agent-accessibility-tree,Accessibility tree is not well-formed,0,binary,,,01_Relatorios_Brutos/projectn_home__mobile__r05.report.json
projectn_home,Project N,inicial,mobile,5,2026-08-21T00:09:32-03:00,https://projectn.com.br/,0.02,fraction,webmcp-form-coverage,WebMCP form coverage,,notApplicable,,,01_Relatorios_Brutos/projectn_home__mobile__r05.report.json
projectn_home,Project N,inicial,mobile,5,2026-08-21T00:09:32-03:00,https://projectn.com.br/,0.02,fraction,webmcp-registered-tools,WebMCP tools registered,,notApplicable,,,01_Relatorios_Brutos/projectn_home__mobile__r05.report.json
projectn_home,Project N,inicial,mobile,5,2026-08-21T00:09:32-03:00,https://projectn.com.br/,0.02,fraction,webmcp-schema-validity,WebMCP schemas are valid,,notApplicable,,,01_Relatorios_Brutos/projectn_home__mobile__r05.report.json
projectn_home,Project N,inicial,mobile,5,2026-08-21T00:09:32-03:00,https://projectn.com.br/,0.02,fraction,cumulative-layout-shift,Cumulative Layout Shift,0.03,numeric,0.917732378126693,0.918,01_Relatorios_Brutos/projectn_home__mobile__r05.report.json
projectn_home,Project N,inicial,mobile,5,2026-08-21T00:09:32-03:00,https://projectn.com.br/,0.02,fraction,llms-txt,llms.txt follows recommendations,,notApplicable,,,01_Relatorios_Brutos/projectn_home__mobile__r05.report.json
projectn_article,Project N,interna,mobile,5,2026-08-21T00:09:52-03:00,https://projectn.com.br/call-of-duty-modern-warfare-4-ganha-novo-trailer-focado-no-multiplayer/,0.47,fraction,agent-accessibility-tree,Accessibility tree is not well-formed,0,binary,,,01_Relatorios_Brutos/projectn_article__mobile__r05.report.json
projectn_article,Project N,interna,mobile,5,2026-08-21T00:09:52-03:00,https://projectn.com.br/call-of-duty-modern-warfare-4-ganha-novo-trailer-focado-no-multiplayer/,0.47,fraction,webmcp-form-coverage,WebMCP form coverage,,notApplicable,,,01_Relatorios_Brutos/projectn_article__mobile__r05.report.json
projectn_article,Project N,interna,mobile,5,2026-08-21T00:09:52-03:00,https://projectn.com.br/call-of-duty-modern-warfare-4-ganha-novo-trailer-focado-no-multiplayer/,0.47,fraction,webmcp-registered-tools,WebMCP tools registered,,notApplicable,,,01_Relatorios_Brutos/projectn_article__mobile__r05.report.json
projectn_article,Project N,interna,mobile,5,2026-08-21T00:09:52-03:00,https://projectn.com.br/call-of-duty-modern-warfare-4-ganha-novo-trailer-focado-no-multiplayer/,0.47,fraction,webmcp-schema-validity,WebMCP schemas are valid,,notApplicable,,,01_Relatorios_Brutos/projectn_article__mobile__r05.report.json
projectn_article,Project N,interna,mobile,5,2026-08-21T00:09:52-03:00,https://projectn.com.br/call-of-duty-modern-warfare-4-ganha-novo-trailer-focado-no-multiplayer/,0.47,fraction,cumulative-layout-shift,Cumulative Layout Shift,0.94,numeric,0.07871524790113972,0.079,01_Relatorios_Brutos/projectn_article__mobile__r05.report.json
projectn_article,Project N,interna,mobile,5,2026-08-21T00:09:52-03:00,https://projectn.com.br/call-of-duty-modern-warfare-4-ganha-novo-trailer-focado-no-multiplayer/,0.47,fraction,llms-txt,llms.txt follows recommendations,,notApplicable,,,01_Relatorios_Brutos/projectn_article__mobile__r05.report.json
boy_home,Nintendo Boy,inicial,mobile,5,2026-08-21T00:10:13-03:00,https://nintendoboy.com.br/,1,fraction,agent-accessibility-tree,Accessibility tree is well-formed,1,binary,,All audits passed,01_Relatorios_Brutos/boy_home__mobile__r05.report.json
boy_home,Nintendo Boy,inicial,mobile,5,2026-08-21T00:10:13-03:00,https://nintendoboy.com.br/,1,fraction,webmcp-form-coverage,WebMCP form coverage,,notApplicable,,,01_Relatorios_Brutos/boy_home__mobile__r05.report.json
boy_home,Nintendo Boy,inicial,mobile,5,2026-08-21T00:10:13-03:00,https://nintendoboy.com.br/,1,fraction,webmcp-registered-tools,WebMCP tools registered,,notApplicable,,,01_Relatorios_Brutos/boy_home__mobile__r05.report.json
boy_home,Nintendo Boy,inicial,mobile,5,2026-08-21T00:10:13-03:00,https://nintendoboy.com.br/,1,fraction,webmcp-schema-validity,WebMCP schemas are valid,,notApplicable,,,01_Relatorios_Brutos/boy_home__mobile__r05.report.json
boy_home,Nintendo Boy,inicial,mobile,5,2026-08-21T00:10:13-03:00,https://nintendoboy.com.br/,1,fraction,cumulative-layout-shift,Cumulative Layout Shift,1,numeric,0,0,01_Relatorios_Brutos/boy_home__mobile__r05.report.json
boy_home,Nintendo Boy,inicial,mobile,5,2026-08-21T00:10:13-03:00,https://nintendoboy.com.br/,1,fraction,llms-txt,llms.txt follows recommendations,,notApplicable,,,01_Relatorios_Brutos/boy_home__mobile__r05.report.json
boy_article,Nintendo Boy,interna,mobile,5,2026-08-21T00:11:14-03:00,https://nintendoboy.com.br/2026/08/sin-reloaded-remaster-do-fps-narrativo-de-1998-chega-as-plataformas-nintendo-em-setembro/,1,fraction,agent-accessibility-tree,Accessibility tree is well-formed,1,binary,,All audits passed,01_Relatorios_Brutos/boy_article__mobile__r05.report.json
boy_article,Nintendo Boy,interna,mobile,5,2026-08-21T00:11:14-03:00,https://nintendoboy.com.br/2026/08/sin-reloaded-remaster-do-fps-narrativo-de-1998-chega-as-plataformas-nintendo-em-setembro/,1,fraction,webmcp-form-coverage,WebMCP form coverage,,notApplicable,,,01_Relatorios_Brutos/boy_article__mobile__r05.report.json
boy_article,Nintendo Boy,interna,mobile,5,2026-08-21T00:11:14-03:00,https://nintendoboy.com.br/2026/08/sin-reloaded-remaster-do-fps-narrativo-de-1998-chega-as-plataformas-nintendo-em-setembro/,1,fraction,webmcp-registered-tools,WebMCP tools registered,,notApplicable,,,01_Relatorios_Brutos/boy_article__mobile__r05.report.json
boy_article,Nintendo Boy,interna,mobile,5,2026-08-21T00:11:14-03:00,https://nintendoboy.com.br/2026/08/sin-reloaded-remaster-do-fps-narrativo-de-1998-chega-as-plataformas-nintendo-em-setembro/,1,fraction,webmcp-schema-validity,WebMCP schemas are valid,,notApplicable,,,01_Relatorios_Brutos/boy_article__mobile__r05.report.json
boy_article,Nintendo Boy,interna,mobile,5,2026-08-21T00:11:14-03:00,https://nintendoboy.com.br/2026/08/sin-reloaded-remaster-do-fps-narrativo-de-1998-chega-as-plataformas-nintendo-em-setembro/,1,fraction,cumulative-layout-shift,Cumulative Layout Shift,1,numeric,0,0,01_Relatorios_Brutos/boy_article__mobile__r05.report.json
boy_article,Nintendo Boy,interna,mobile,5,2026-08-21T00:11:14-03:00,https://nintendoboy.com.br/2026/08/sin-reloaded-remaster-do-fps-narrativo-de-1998-chega-as-plataformas-nintendo-em-setembro/,1,fraction,llms-txt,llms.txt follows recommendations,,notApplicable,,,01_Relatorios_Brutos/boy_article__mobile__r05.report.json
nn_home,Nintendista News,inicial,mobile,5,2026-08-21T00:11:37-03:00,https://nintendista.news/,1,fraction,agent-accessibility-tree,Accessibility tree is well-formed,1,binary,,All audits passed,01_Relatorios_Brutos/nn_home__mobile__r05.report.json
nn_home,Nintendista News,inicial,mobile,5,2026-08-21T00:11:37-03:00,https://nintendista.news/,1,fraction,webmcp-form-coverage,WebMCP form coverage,,notApplicable,,,01_Relatorios_Brutos/nn_home__mobile__r05.report.json
nn_home,Nintendista News,inicial,mobile,5,2026-08-21T00:11:37-03:00,https://nintendista.news/,1,fraction,webmcp-registered-tools,WebMCP tools registered,,notApplicable,,,01_Relatorios_Brutos/nn_home__mobile__r05.report.json
nn_home,Nintendista News,inicial,mobile,5,2026-08-21T00:11:37-03:00,https://nintendista.news/,1,fraction,webmcp-schema-validity,WebMCP schemas are valid,,notApplicable,,,01_Relatorios_Brutos/nn_home__mobile__r05.report.json
nn_home,Nintendista News,inicial,mobile,5,2026-08-21T00:11:37-03:00,https://nintendista.news/,1,fraction,cumulative-layout-shift,Cumulative Layout Shift,1,numeric,0,0,01_Relatorios_Brutos/nn_home__mobile__r05.report.json
nn_home,Nintendista News,inicial,mobile,5,2026-08-21T00:11:37-03:00,https://nintendista.news/,1,fraction,llms-txt,llms.txt follows recommendations,1,binary,,,01_Relatorios_Brutos/nn_home__mobile__r05.report.json
nn_article,Nintendista News,interna,mobile,5,2026-08-21T00:11:50-03:00,https://nintendista.news/noticias/nintendista-news-no-ar/,1,fraction,agent-accessibility-tree,Accessibility tree is well-formed,1,binary,,All audits passed,01_Relatorios_Brutos/nn_article__mobile__r05.report.json
nn_article,Nintendista News,interna,mobile,5,2026-08-21T00:11:50-03:00,https://nintendista.news/noticias/nintendista-news-no-ar/,1,fraction,webmcp-form-coverage,WebMCP form coverage,,notApplicable,,,01_Relatorios_Brutos/nn_article__mobile__r05.report.json
nn_article,Nintendista News,interna,mobile,5,2026-08-21T00:11:50-03:00,https://nintendista.news/noticias/nintendista-news-no-ar/,1,fraction,webmcp-registered-tools,WebMCP tools registered,,notApplicable,,,01_Relatorios_Brutos/nn_article__mobile__r05.report.json
nn_article,Nintendista News,interna,mobile,5,2026-08-21T00:11:50-03:00,https://nintendista.news/noticias/nintendista-news-no-ar/,1,fraction,webmcp-schema-validity,WebMCP schemas are valid,,notApplicable,,,01_Relatorios_Brutos/nn_article__mobile__r05.report.json
nn_article,Nintendista News,interna,mobile,5,2026-08-21T00:11:50-03:00,https://nintendista.news/noticias/nintendista-news-no-ar/,1,fraction,cumulative-layout-shift,Cumulative Layout Shift,1,numeric,0,0,01_Relatorios_Brutos/nn_article__mobile__r05.report.json
nn_article,Nintendista News,interna,mobile,5,2026-08-21T00:11:50-03:00,https://nintendista.news/noticias/nintendista-news-no-ar/,1,fraction,llms-txt,llms.txt follows recommendations,1,binary,,,01_Relatorios_Brutos/nn_article__mobile__r05.report.json
coelho_home,Coelho News,inicial,mobile,5,2026-08-21T00:12:03-03:00,https://coelhonews.com/,0.5,fraction,agent-accessibility-tree,Accessibility tree is not well-formed,0,binary,,,01_Relatorios_Brutos/coelho_home__mobile__r05.report.json
coelho_home,Coelho News,inicial,mobile,5,2026-08-21T00:12:03-03:00,https://coelhonews.com/,0.5,fraction,webmcp-form-coverage,WebMCP form coverage,,notApplicable,,,01_Relatorios_Brutos/coelho_home__mobile__r05.report.json
coelho_home,Coelho News,inicial,mobile,5,2026-08-21T00:12:03-03:00,https://coelhonews.com/,0.5,fraction,webmcp-registered-tools,WebMCP tools registered,,notApplicable,,,01_Relatorios_Brutos/coelho_home__mobile__r05.report.json
coelho_home,Coelho News,inicial,mobile,5,2026-08-21T00:12:03-03:00,https://coelhonews.com/,0.5,fraction,webmcp-schema-validity,WebMCP schemas are valid,,notApplicable,,,01_Relatorios_Brutos/coelho_home__mobile__r05.report.json
coelho_home,Coelho News,inicial,mobile,5,2026-08-21T00:12:03-03:00,https://coelhonews.com/,0.5,fraction,cumulative-layout-shift,Cumulative Layout Shift,1,numeric,0.005651610960109489,0.006,01_Relatorios_Brutos/coelho_home__mobile__r05.report.json
coelho_home,Coelho News,inicial,mobile,5,2026-08-21T00:12:03-03:00,https://coelhonews.com/,0.5,fraction,llms-txt,llms.txt follows recommendations,,notApplicable,,,01_Relatorios_Brutos/coelho_home__mobile__r05.report.json
coelho_article,Coelho News,interna,mobile,5,2026-08-21T00:12:21-03:00,https://coelhonews.com/noticias/the-binding-of-isaac-repentance-online-chega-ao-switch-2-em-novembro,0.5,fraction,agent-accessibility-tree,Accessibility tree is not well-formed,0,binary,,,01_Relatorios_Brutos/coelho_article__mobile__r05.report.json
coelho_article,Coelho News,interna,mobile,5,2026-08-21T00:12:21-03:00,https://coelhonews.com/noticias/the-binding-of-isaac-repentance-online-chega-ao-switch-2-em-novembro,0.5,fraction,webmcp-form-coverage,WebMCP form coverage,,notApplicable,,,01_Relatorios_Brutos/coelho_article__mobile__r05.report.json
coelho_article,Coelho News,interna,mobile,5,2026-08-21T00:12:21-03:00,https://coelhonews.com/noticias/the-binding-of-isaac-repentance-online-chega-ao-switch-2-em-novembro,0.5,fraction,webmcp-registered-tools,WebMCP tools registered,,notApplicable,,,01_Relatorios_Brutos/coelho_article__mobile__r05.report.json
coelho_article,Coelho News,interna,mobile,5,2026-08-21T00:12:21-03:00,https://coelhonews.com/noticias/the-binding-of-isaac-repentance-online-chega-ao-switch-2-em-novembro,0.5,fraction,webmcp-schema-validity,WebMCP schemas are valid,,notApplicable,,,01_Relatorios_Brutos/coelho_article__mobile__r05.report.json
coelho_article,Coelho News,interna,mobile,5,2026-08-21T00:12:21-03:00,https://coelhonews.com/noticias/the-binding-of-isaac-repentance-online-chega-ao-switch-2-em-novembro,0.5,fraction,cumulative-layout-shift,Cumulative Layout Shift,1,numeric,0,0,01_Relatorios_Brutos/coelho_article__mobile__r05.report.json
coelho_article,Coelho News,interna,mobile,5,2026-08-21T00:12:21-03:00,https://coelhonews.com/noticias/the-binding-of-isaac-repentance-online-chega-ao-switch-2-em-novembro,0.5,fraction,llms-txt,llms.txt follows recommendations,,notApplicable,,,01_Relatorios_Brutos/coelho_article__mobile__r05.report.json
casa_article,A Casa do Cogumelo,interna,desktop,5,2026-08-21T00:12:36-03:00,https://www.acasadocogumelo.com/logitech-g-anuncia-lancamentos-que-contemplarao-mercado-brasileiro/,0.33,fraction,agent-accessibility-tree,Accessibility tree is not well-formed,0,binary,,,01_Relatorios_Brutos/casa_article__desktop__r05.report.json
casa_article,A Casa do Cogumelo,interna,desktop,5,2026-08-21T00:12:36-03:00,https://www.acasadocogumelo.com/logitech-g-anuncia-lancamentos-que-contemplarao-mercado-brasileiro/,0.33,fraction,webmcp-form-coverage,WebMCP form coverage,,notApplicable,,,01_Relatorios_Brutos/casa_article__desktop__r05.report.json
casa_article,A Casa do Cogumelo,interna,desktop,5,2026-08-21T00:12:36-03:00,https://www.acasadocogumelo.com/logitech-g-anuncia-lancamentos-que-contemplarao-mercado-brasileiro/,0.33,fraction,webmcp-registered-tools,WebMCP tools registered,,notApplicable,,,01_Relatorios_Brutos/casa_article__desktop__r05.report.json
casa_article,A Casa do Cogumelo,interna,desktop,5,2026-08-21T00:12:36-03:00,https://www.acasadocogumelo.com/logitech-g-anuncia-lancamentos-que-contemplarao-mercado-brasileiro/,0.33,fraction,webmcp-schema-validity,WebMCP schemas are valid,,notApplicable,,,01_Relatorios_Brutos/casa_article__desktop__r05.report.json
casa_article,A Casa do Cogumelo,interna,desktop,5,2026-08-21T00:12:36-03:00,https://www.acasadocogumelo.com/logitech-g-anuncia-lancamentos-que-contemplarao-mercado-brasileiro/,0.33,fraction,cumulative-layout-shift,Cumulative Layout Shift,1,numeric,0.001465802537200243,0.001,01_Relatorios_Brutos/casa_article__desktop__r05.report.json
casa_article,A Casa do Cogumelo,interna,desktop,5,2026-08-21T00:12:36-03:00,https://www.acasadocogumelo.com/logitech-g-anuncia-lancamentos-que-contemplarao-mercado-brasileiro/,0.33,fraction,llms-txt,llms.txt does not follow recommendations,0,binary,,,01_Relatorios_Brutos/casa_article__desktop__r05.report.json
blast_home,Nintendo Blast,inicial,desktop,5,2026-08-21T00:13:01-03:00,https://www.nintendoblast.com.br/,0.5,fraction,agent-accessibility-tree,Accessibility tree is not well-formed,0,binary,,,01_Relatorios_Brutos/blast_home__desktop__r05.report.json
blast_home,Nintendo Blast,inicial,desktop,5,2026-08-21T00:13:01-03:00,https://www.nintendoblast.com.br/,0.5,fraction,webmcp-form-coverage,WebMCP form coverage,,notApplicable,,,01_Relatorios_Brutos/blast_home__desktop__r05.report.json
blast_home,Nintendo Blast,inicial,desktop,5,2026-08-21T00:13:01-03:00,https://www.nintendoblast.com.br/,0.5,fraction,webmcp-registered-tools,WebMCP tools registered,,notApplicable,,,01_Relatorios_Brutos/blast_home__desktop__r05.report.json
blast_home,Nintendo Blast,inicial,desktop,5,2026-08-21T00:13:01-03:00,https://www.nintendoblast.com.br/,0.5,fraction,webmcp-schema-validity,WebMCP schemas are valid,,notApplicable,,,01_Relatorios_Brutos/blast_home__desktop__r05.report.json
blast_home,Nintendo Blast,inicial,desktop,5,2026-08-21T00:13:01-03:00,https://www.nintendoblast.com.br/,0.5,fraction,cumulative-layout-shift,Cumulative Layout Shift,1,numeric,0.03284438779012488,0.033,01_Relatorios_Brutos/blast_home__desktop__r05.report.json
blast_home,Nintendo Blast,inicial,desktop,5,2026-08-21T00:13:01-03:00,https://www.nintendoblast.com.br/,0.5,fraction,llms-txt,llms.txt follows recommendations,,notApplicable,,,01_Relatorios_Brutos/blast_home__desktop__r05.report.json
blast_article,Nintendo Blast,interna,desktop,5,2026-08-21T00:13:24-03:00,https://www.nintendoblast.com.br/2026/08/nintendo-switch-online-recebe-icones-de-fire-emblem-three-houses.html,0.5,fraction,agent-accessibility-tree,Accessibility tree is not well-formed,0,binary,,,01_Relatorios_Brutos/blast_article__desktop__r05.report.json
blast_article,Nintendo Blast,interna,desktop,5,2026-08-21T00:13:24-03:00,https://www.nintendoblast.com.br/2026/08/nintendo-switch-online-recebe-icones-de-fire-emblem-three-houses.html,0.5,fraction,webmcp-form-coverage,WebMCP form coverage,,notApplicable,,,01_Relatorios_Brutos/blast_article__desktop__r05.report.json
blast_article,Nintendo Blast,interna,desktop,5,2026-08-21T00:13:24-03:00,https://www.nintendoblast.com.br/2026/08/nintendo-switch-online-recebe-icones-de-fire-emblem-three-houses.html,0.5,fraction,webmcp-registered-tools,WebMCP tools registered,,notApplicable,,,01_Relatorios_Brutos/blast_article__desktop__r05.report.json
blast_article,Nintendo Blast,interna,desktop,5,2026-08-21T00:13:24-03:00,https://www.nintendoblast.com.br/2026/08/nintendo-switch-online-recebe-icones-de-fire-emblem-three-houses.html,0.5,fraction,webmcp-schema-validity,WebMCP schemas are valid,,notApplicable,,,01_Relatorios_Brutos/blast_article__desktop__r05.report.json
blast_article,Nintendo Blast,interna,desktop,5,2026-08-21T00:13:24-03:00,https://www.nintendoblast.com.br/2026/08/nintendo-switch-online-recebe-icones-de-fire-emblem-three-houses.html,0.5,fraction,cumulative-layout-shift,Cumulative Layout Shift,0.99,numeric,0.039680445313546926,0.04,01_Relatorios_Brutos/blast_article__desktop__r05.report.json
blast_article,Nintendo Blast,interna,desktop,5,2026-08-21T00:13:24-03:00,https://www.nintendoblast.com.br/2026/08/nintendo-switch-online-recebe-icones-de-fire-emblem-three-houses.html,0.5,fraction,llms-txt,llms.txt follows recommendations,,notApplicable,,,01_Relatorios_Brutos/blast_article__desktop__r05.report.json
projectn_home,Project N,inicial,desktop,5,2026-08-21T00:13:42-03:00,https://projectn.com.br/,0.09,fraction,agent-accessibility-tree,Accessibility tree is not well-formed,0,binary,,,01_Relatorios_Brutos/projectn_home__desktop__r05.report.json
projectn_home,Project N,inicial,desktop,5,2026-08-21T00:13:42-03:00,https://projectn.com.br/,0.09,fraction,webmcp-form-coverage,WebMCP form coverage,,notApplicable,,,01_Relatorios_Brutos/projectn_home__desktop__r05.report.json
projectn_home,Project N,inicial,desktop,5,2026-08-21T00:13:42-03:00,https://projectn.com.br/,0.09,fraction,webmcp-registered-tools,WebMCP tools registered,,notApplicable,,,01_Relatorios_Brutos/projectn_home__desktop__r05.report.json
projectn_home,Project N,inicial,desktop,5,2026-08-21T00:13:42-03:00,https://projectn.com.br/,0.09,fraction,webmcp-schema-validity,WebMCP schemas are valid,,notApplicable,,,01_Relatorios_Brutos/projectn_home__desktop__r05.report.json
projectn_home,Project N,inicial,desktop,5,2026-08-21T00:13:42-03:00,https://projectn.com.br/,0.09,fraction,cumulative-layout-shift,Cumulative Layout Shift,0.17,numeric,0.48726250597657184,0.487,01_Relatorios_Brutos/projectn_home__desktop__r05.report.json
projectn_home,Project N,inicial,desktop,5,2026-08-21T00:13:42-03:00,https://projectn.com.br/,0.09,fraction,llms-txt,llms.txt follows recommendations,,notApplicable,,,01_Relatorios_Brutos/projectn_home__desktop__r05.report.json
projectn_article,Project N,interna,desktop,5,2026-08-21T00:14:04-03:00,https://projectn.com.br/call-of-duty-modern-warfare-4-ganha-novo-trailer-focado-no-multiplayer/,0.48,fraction,agent-accessibility-tree,Accessibility tree is not well-formed,0,binary,,,01_Relatorios_Brutos/projectn_article__desktop__r05.report.json
projectn_article,Project N,interna,desktop,5,2026-08-21T00:14:04-03:00,https://projectn.com.br/call-of-duty-modern-warfare-4-ganha-novo-trailer-focado-no-multiplayer/,0.48,fraction,webmcp-form-coverage,WebMCP form coverage,,notApplicable,,,01_Relatorios_Brutos/projectn_article__desktop__r05.report.json
projectn_article,Project N,interna,desktop,5,2026-08-21T00:14:04-03:00,https://projectn.com.br/call-of-duty-modern-warfare-4-ganha-novo-trailer-focado-no-multiplayer/,0.48,fraction,webmcp-registered-tools,WebMCP tools registered,,notApplicable,,,01_Relatorios_Brutos/projectn_article__desktop__r05.report.json
projectn_article,Project N,interna,desktop,5,2026-08-21T00:14:04-03:00,https://projectn.com.br/call-of-duty-modern-warfare-4-ganha-novo-trailer-focado-no-multiplayer/,0.48,fraction,webmcp-schema-validity,WebMCP schemas are valid,,notApplicable,,,01_Relatorios_Brutos/projectn_article__desktop__r05.report.json
projectn_article,Project N,interna,desktop,5,2026-08-21T00:14:04-03:00,https://projectn.com.br/call-of-duty-modern-warfare-4-ganha-novo-trailer-focado-no-multiplayer/,0.48,fraction,cumulative-layout-shift,Cumulative Layout Shift,0.95,numeric,0.07836662205502745,0.078,01_Relatorios_Brutos/projectn_article__desktop__r05.report.json
projectn_article,Project N,interna,desktop,5,2026-08-21T00:14:04-03:00,https://projectn.com.br/call-of-duty-modern-warfare-4-ganha-novo-trailer-focado-no-multiplayer/,0.48,fraction,llms-txt,llms.txt follows recommendations,,notApplicable,,,01_Relatorios_Brutos/projectn_article__desktop__r05.report.json
boy_home,Nintendo Boy,inicial,desktop,5,2026-08-21T00:14:24-03:00,https://nintendoboy.com.br/,0.8,fraction,agent-accessibility-tree,Accessibility tree is well-formed,1,binary,,All audits passed,01_Relatorios_Brutos/boy_home__desktop__r05.report.json
boy_home,Nintendo Boy,inicial,desktop,5,2026-08-21T00:14:24-03:00,https://nintendoboy.com.br/,0.8,fraction,webmcp-form-coverage,WebMCP form coverage,,notApplicable,,,01_Relatorios_Brutos/boy_home__desktop__r05.report.json
boy_home,Nintendo Boy,inicial,desktop,5,2026-08-21T00:14:24-03:00,https://nintendoboy.com.br/,0.8,fraction,webmcp-registered-tools,WebMCP tools registered,,notApplicable,,,01_Relatorios_Brutos/boy_home__desktop__r05.report.json
boy_home,Nintendo Boy,inicial,desktop,5,2026-08-21T00:14:24-03:00,https://nintendoboy.com.br/,0.8,fraction,webmcp-schema-validity,WebMCP schemas are valid,,notApplicable,,,01_Relatorios_Brutos/boy_home__desktop__r05.report.json
boy_home,Nintendo Boy,inicial,desktop,5,2026-08-21T00:14:24-03:00,https://nintendoboy.com.br/,0.8,fraction,cumulative-layout-shift,Cumulative Layout Shift,0.6,numeric,0.20662051471714032,0.207,01_Relatorios_Brutos/boy_home__desktop__r05.report.json
boy_home,Nintendo Boy,inicial,desktop,5,2026-08-21T00:14:24-03:00,https://nintendoboy.com.br/,0.8,fraction,llms-txt,llms.txt follows recommendations,,notApplicable,,,01_Relatorios_Brutos/boy_home__desktop__r05.report.json
boy_article,Nintendo Boy,interna,desktop,5,2026-08-21T00:14:42-03:00,https://nintendoboy.com.br/2026/08/sin-reloaded-remaster-do-fps-narrativo-de-1998-chega-as-plataformas-nintendo-em-setembro/,0.31,fraction,agent-accessibility-tree,Accessibility tree is not well-formed,0,binary,,,01_Relatorios_Brutos/boy_article__desktop__r05.report.json
boy_article,Nintendo Boy,interna,desktop,5,2026-08-21T00:14:42-03:00,https://nintendoboy.com.br/2026/08/sin-reloaded-remaster-do-fps-narrativo-de-1998-chega-as-plataformas-nintendo-em-setembro/,0.31,fraction,webmcp-form-coverage,WebMCP form coverage,,notApplicable,,,01_Relatorios_Brutos/boy_article__desktop__r05.report.json
boy_article,Nintendo Boy,interna,desktop,5,2026-08-21T00:14:42-03:00,https://nintendoboy.com.br/2026/08/sin-reloaded-remaster-do-fps-narrativo-de-1998-chega-as-plataformas-nintendo-em-setembro/,0.31,fraction,webmcp-registered-tools,WebMCP tools registered,,notApplicable,,,01_Relatorios_Brutos/boy_article__desktop__r05.report.json
boy_article,Nintendo Boy,interna,desktop,5,2026-08-21T00:14:42-03:00,https://nintendoboy.com.br/2026/08/sin-reloaded-remaster-do-fps-narrativo-de-1998-chega-as-plataformas-nintendo-em-setembro/,0.31,fraction,webmcp-schema-validity,WebMCP schemas are valid,,notApplicable,,,01_Relatorios_Brutos/boy_article__desktop__r05.report.json
boy_article,Nintendo Boy,interna,desktop,5,2026-08-21T00:14:42-03:00,https://nintendoboy.com.br/2026/08/sin-reloaded-remaster-do-fps-narrativo-de-1998-chega-as-plataformas-nintendo-em-setembro/,0.31,fraction,cumulative-layout-shift,Cumulative Layout Shift,0.61,numeric,0.20225564882104102,0.202,01_Relatorios_Brutos/boy_article__desktop__r05.report.json
boy_article,Nintendo Boy,interna,desktop,5,2026-08-21T00:14:42-03:00,https://nintendoboy.com.br/2026/08/sin-reloaded-remaster-do-fps-narrativo-de-1998-chega-as-plataformas-nintendo-em-setembro/,0.31,fraction,llms-txt,llms.txt follows recommendations,,notApplicable,,,01_Relatorios_Brutos/boy_article__desktop__r05.report.json
nn_home,Nintendista News,inicial,desktop,5,2026-08-21T00:15:04-03:00,https://nintendista.news/,1,fraction,agent-accessibility-tree,Accessibility tree is well-formed,1,binary,,All audits passed,01_Relatorios_Brutos/nn_home__desktop__r05.report.json
nn_home,Nintendista News,inicial,desktop,5,2026-08-21T00:15:04-03:00,https://nintendista.news/,1,fraction,webmcp-form-coverage,WebMCP form coverage,,notApplicable,,,01_Relatorios_Brutos/nn_home__desktop__r05.report.json
nn_home,Nintendista News,inicial,desktop,5,2026-08-21T00:15:04-03:00,https://nintendista.news/,1,fraction,webmcp-registered-tools,WebMCP tools registered,,notApplicable,,,01_Relatorios_Brutos/nn_home__desktop__r05.report.json
nn_home,Nintendista News,inicial,desktop,5,2026-08-21T00:15:04-03:00,https://nintendista.news/,1,fraction,webmcp-schema-validity,WebMCP schemas are valid,,notApplicable,,,01_Relatorios_Brutos/nn_home__desktop__r05.report.json
nn_home,Nintendista News,inicial,desktop,5,2026-08-21T00:15:04-03:00,https://nintendista.news/,1,fraction,cumulative-layout-shift,Cumulative Layout Shift,1,numeric,0,0,01_Relatorios_Brutos/nn_home__desktop__r05.report.json
nn_home,Nintendista News,inicial,desktop,5,2026-08-21T00:15:04-03:00,https://nintendista.news/,1,fraction,llms-txt,llms.txt follows recommendations,1,binary,,,01_Relatorios_Brutos/nn_home__desktop__r05.report.json
nn_article,Nintendista News,interna,desktop,5,2026-08-21T00:15:16-03:00,https://nintendista.news/noticias/nintendista-news-no-ar/,1,fraction,agent-accessibility-tree,Accessibility tree is well-formed,1,binary,,All audits passed,01_Relatorios_Brutos/nn_article__desktop__r05.report.json
nn_article,Nintendista News,interna,desktop,5,2026-08-21T00:15:16-03:00,https://nintendista.news/noticias/nintendista-news-no-ar/,1,fraction,webmcp-form-coverage,WebMCP form coverage,,notApplicable,,,01_Relatorios_Brutos/nn_article__desktop__r05.report.json
nn_article,Nintendista News,interna,desktop,5,2026-08-21T00:15:16-03:00,https://nintendista.news/noticias/nintendista-news-no-ar/,1,fraction,webmcp-registered-tools,WebMCP tools registered,,notApplicable,,,01_Relatorios_Brutos/nn_article__desktop__r05.report.json
nn_article,Nintendista News,interna,desktop,5,2026-08-21T00:15:16-03:00,https://nintendista.news/noticias/nintendista-news-no-ar/,1,fraction,webmcp-schema-validity,WebMCP schemas are valid,,notApplicable,,,01_Relatorios_Brutos/nn_article__desktop__r05.report.json
nn_article,Nintendista News,interna,desktop,5,2026-08-21T00:15:16-03:00,https://nintendista.news/noticias/nintendista-news-no-ar/,1,fraction,cumulative-layout-shift,Cumulative Layout Shift,1,numeric,0,0,01_Relatorios_Brutos/nn_article__desktop__r05.report.json
nn_article,Nintendista News,interna,desktop,5,2026-08-21T00:15:16-03:00,https://nintendista.news/noticias/nintendista-news-no-ar/,1,fraction,llms-txt,llms.txt follows recommendations,1,binary,,,01_Relatorios_Brutos/nn_article__desktop__r05.report.json
coelho_home,Coelho News,inicial,desktop,5,2026-08-21T00:15:27-03:00,https://coelhonews.com/,1,fraction,agent-accessibility-tree,Accessibility tree is well-formed,1,binary,,All audits passed,01_Relatorios_Brutos/coelho_home__desktop__r05.report.json
coelho_home,Coelho News,inicial,desktop,5,2026-08-21T00:15:27-03:00,https://coelhonews.com/,1,fraction,webmcp-form-coverage,WebMCP form coverage,,notApplicable,,,01_Relatorios_Brutos/coelho_home__desktop__r05.report.json
coelho_home,Coelho News,inicial,desktop,5,2026-08-21T00:15:27-03:00,https://coelhonews.com/,1,fraction,webmcp-registered-tools,WebMCP tools registered,,notApplicable,,,01_Relatorios_Brutos/coelho_home__desktop__r05.report.json
coelho_home,Coelho News,inicial,desktop,5,2026-08-21T00:15:27-03:00,https://coelhonews.com/,1,fraction,webmcp-schema-validity,WebMCP schemas are valid,,notApplicable,,,01_Relatorios_Brutos/coelho_home__desktop__r05.report.json
coelho_home,Coelho News,inicial,desktop,5,2026-08-21T00:15:27-03:00,https://coelhonews.com/,1,fraction,cumulative-layout-shift,Cumulative Layout Shift,1,numeric,0.00393718620607781,0.004,01_Relatorios_Brutos/coelho_home__desktop__r05.report.json
coelho_home,Coelho News,inicial,desktop,5,2026-08-21T00:15:27-03:00,https://coelhonews.com/,1,fraction,llms-txt,llms.txt follows recommendations,,notApplicable,,,01_Relatorios_Brutos/coelho_home__desktop__r05.report.json
coelho_article,Coelho News,interna,desktop,5,2026-08-21T00:15:45-03:00,https://coelhonews.com/noticias/the-binding-of-isaac-repentance-online-chega-ao-switch-2-em-novembro,0.5,fraction,agent-accessibility-tree,Accessibility tree is not well-formed,0,binary,,,01_Relatorios_Brutos/coelho_article__desktop__r05.report.json
coelho_article,Coelho News,interna,desktop,5,2026-08-21T00:15:45-03:00,https://coelhonews.com/noticias/the-binding-of-isaac-repentance-online-chega-ao-switch-2-em-novembro,0.5,fraction,webmcp-form-coverage,WebMCP form coverage,,notApplicable,,,01_Relatorios_Brutos/coelho_article__desktop__r05.report.json
coelho_article,Coelho News,interna,desktop,5,2026-08-21T00:15:45-03:00,https://coelhonews.com/noticias/the-binding-of-isaac-repentance-online-chega-ao-switch-2-em-novembro,0.5,fraction,webmcp-registered-tools,WebMCP tools registered,,notApplicable,,,01_Relatorios_Brutos/coelho_article__desktop__r05.report.json
coelho_article,Coelho News,interna,desktop,5,2026-08-21T00:15:45-03:00,https://coelhonews.com/noticias/the-binding-of-isaac-repentance-online-chega-ao-switch-2-em-novembro,0.5,fraction,webmcp-schema-validity,WebMCP schemas are valid,,notApplicable,,,01_Relatorios_Brutos/coelho_article__desktop__r05.report.json
coelho_article,Coelho News,interna,desktop,5,2026-08-21T00:15:45-03:00,https://coelhonews.com/noticias/the-binding-of-isaac-repentance-online-chega-ao-switch-2-em-novembro,0.5,fraction,cumulative-layout-shift,Cumulative Layout Shift,1,numeric,0,0,01_Relatorios_Brutos/coelho_article__desktop__r05.report.json
coelho_article,Coelho News,interna,desktop,5,2026-08-21T00:15:45-03:00,https://coelhonews.com/noticias/the-binding-of-isaac-repentance-online-chega-ao-switch-2-em-novembro,0.5,fraction,llms-txt,llms.txt follows recommendations,,notApplicable,,,01_Relatorios_Brutos/coelho_article__desktop__r05.report.json
universo_home,Universo Nintendo,inicial,desktop,5,2026-08-21T00:16:00-03:00,https://universonintendo.com/,0.56,fraction,agent-accessibility-tree,Accessibility tree is not well-formed,0,binary,,,01_Relatorios_Brutos/universo_home__desktop__r05.report.json
universo_home,Universo Nintendo,inicial,desktop,5,2026-08-21T00:16:00-03:00,https://universonintendo.com/,0.56,fraction,webmcp-form-coverage,WebMCP form coverage,,notApplicable,,,01_Relatorios_Brutos/universo_home__desktop__r05.report.json
universo_home,Universo Nintendo,inicial,desktop,5,2026-08-21T00:16:00-03:00,https://universonintendo.com/,0.56,fraction,webmcp-registered-tools,WebMCP tools registered,,notApplicable,,,01_Relatorios_Brutos/universo_home__desktop__r05.report.json
universo_home,Universo Nintendo,inicial,desktop,5,2026-08-21T00:16:00-03:00,https://universonintendo.com/,0.56,fraction,webmcp-schema-validity,WebMCP schemas are valid,,notApplicable,,,01_Relatorios_Brutos/universo_home__desktop__r05.report.json
universo_home,Universo Nintendo,inicial,desktop,5,2026-08-21T00:16:00-03:00,https://universonintendo.com/,0.56,fraction,cumulative-layout-shift,Cumulative Layout Shift,0.67,numeric,0.18036017184360154,0.18,01_Relatorios_Brutos/universo_home__desktop__r05.report.json
universo_home,Universo Nintendo,inicial,desktop,5,2026-08-21T00:16:00-03:00,https://universonintendo.com/,0.56,fraction,llms-txt,llms.txt follows recommendations,1,binary,,,01_Relatorios_Brutos/universo_home__desktop__r05.report.json
universo_article,Universo Nintendo,interna,desktop,5,2026-08-21T00:16:47-03:00,https://universonintendo.com/trails-in-the-sky-2nd-chapter-recebe-demo-gratuita-no-switch/,0.46,fraction,agent-accessibility-tree,Accessibility tree is not well-formed,0,binary,,,01_Relatorios_Brutos/universo_article__desktop__r05.report.json
universo_article,Universo Nintendo,interna,desktop,5,2026-08-21T00:16:47-03:00,https://universonintendo.com/trails-in-the-sky-2nd-chapter-recebe-demo-gratuita-no-switch/,0.46,fraction,webmcp-form-coverage,WebMCP form coverage,,notApplicable,,,01_Relatorios_Brutos/universo_article__desktop__r05.report.json
universo_article,Universo Nintendo,interna,desktop,5,2026-08-21T00:16:47-03:00,https://universonintendo.com/trails-in-the-sky-2nd-chapter-recebe-demo-gratuita-no-switch/,0.46,fraction,webmcp-registered-tools,WebMCP tools registered,,notApplicable,,,01_Relatorios_Brutos/universo_article__desktop__r05.report.json
universo_article,Universo Nintendo,interna,desktop,5,2026-08-21T00:16:47-03:00,https://universonintendo.com/trails-in-the-sky-2nd-chapter-recebe-demo-gratuita-no-switch/,0.46,fraction,webmcp-schema-validity,WebMCP schemas are valid,,notApplicable,,,01_Relatorios_Brutos/universo_article__desktop__r05.report.json
universo_article,Universo Nintendo,interna,desktop,5,2026-08-21T00:16:47-03:00,https://universonintendo.com/trails-in-the-sky-2nd-chapter-recebe-demo-gratuita-no-switch/,0.46,fraction,cumulative-layout-shift,Cumulative Layout Shift,0.39,numeric,0.3031597525154578,0.303,01_Relatorios_Brutos/universo_article__desktop__r05.report.json
universo_article,Universo Nintendo,interna,desktop,5,2026-08-21T00:16:47-03:00,https://universonintendo.com/trails-in-the-sky-2nd-chapter-recebe-demo-gratuita-no-switch/,0.46,fraction,llms-txt,llms.txt follows recommendations,1,binary,,,01_Relatorios_Brutos/universo_article__desktop__r05.report.json
casa_home,A Casa do Cogumelo,inicial,desktop,5,2026-08-21T00:17:24-03:00,https://www.acasadocogumelo.com/,0.33,fraction,agent-accessibility-tree,Accessibility tree is not well-formed,0,binary,,,01_Relatorios_Brutos/casa_home__desktop__r05.report.json
casa_home,A Casa do Cogumelo,inicial,desktop,5,2026-08-21T00:17:24-03:00,https://www.acasadocogumelo.com/,0.33,fraction,webmcp-form-coverage,WebMCP form coverage,,notApplicable,,,01_Relatorios_Brutos/casa_home__desktop__r05.report.json
casa_home,A Casa do Cogumelo,inicial,desktop,5,2026-08-21T00:17:24-03:00,https://www.acasadocogumelo.com/,0.33,fraction,webmcp-registered-tools,WebMCP tools registered,,notApplicable,,,01_Relatorios_Brutos/casa_home__desktop__r05.report.json
casa_home,A Casa do Cogumelo,inicial,desktop,5,2026-08-21T00:17:24-03:00,https://www.acasadocogumelo.com/,0.33,fraction,webmcp-schema-validity,WebMCP schemas are valid,,notApplicable,,,01_Relatorios_Brutos/casa_home__desktop__r05.report.json
casa_home,A Casa do Cogumelo,inicial,desktop,5,2026-08-21T00:17:24-03:00,https://www.acasadocogumelo.com/,0.33,fraction,cumulative-layout-shift,Cumulative Layout Shift,0.98,numeric,0.058285288159180056,0.058,01_Relatorios_Brutos/casa_home__desktop__r05.report.json
casa_home,A Casa do Cogumelo,inicial,desktop,5,2026-08-21T00:17:24-03:00,https://www.acasadocogumelo.com/,0.33,fraction,llms-txt,llms.txt does not follow recommendations,0,binary,,,01_Relatorios_Brutos/casa_home__desktop__r05.report.json
